EconomicIndicatorID,DateKey,InflationRate,GDPGrowth,InterestRate,MarketSentiment
ECO0000,20220710,7.13,-1.9,6.11,Negative
ECO0001,20221130,7.07,3.47,5.95,Positive
ECO0002,20221006,4.88,3.69,5.76,Negative
ECO0003,20221206,3.06,-0.87,4.69,Negative
ECO0004,20220113,4.86,3.18,6.69,Positive
ECO0005,20221030,4.97,1.03,3.29,Positive
ECO0006,20220213,4.94,-0.32,6.21,Negative
ECO0007,20220415,5.23,2.35,3.86,Neutral
ECO0008,20220609,3.55,-0.75,4.3,Neutral
ECO0009,20220603,4.2,3.3,5.08,Neutral
ECO0010,20220830,4.61,-1.67,6.13,Neutral
ECO0011,20220630,2.79,4.71,6.35,Negative
ECO0012,20220114,4.73,-1.5,5.33,Neutral
ECO0013,20220629,6.86,2.06,4.61,Neutral
ECO0014,20221019,6.97,4.32,6.79,Neutral
ECO0015,20220921,4.47,-1.92,3.99,Negative
ECO0016,20220617,5.11,1.49,6.21,Positive
ECO0017,20220802,2.2,0.45,5.45,Neutral
ECO0018,20220530,6.05,2.06,4.51,Negative
ECO0019,20220116,4.43,-0.42,3.01,Negative
ECO0020,20220401,4.67,-1.55,4.79,Neutral
ECO0021,20220430,7.24,2.38,4.11,Positive
ECO0022,20220910,4.77,0.92,3.42,Positive
ECO0023,20220301,2.13,2.36,3.3,Positive
ECO0024,20220923,3.36,-0.53,4.39,Negative
ECO0025,20220131,4.85,0.37,5.46,Neutral
ECO0026,20220121,4.55,1.93,6.35,Neutral
ECO0027,20220807,7.16,2.15,3.73,Negative
ECO0028,20220322,5.25,0.61,4.7,Neutral
ECO0029,20221016,6.14,-0.04,4.57,Neutral
ECO0030,20220131,4.82,-0.08,5.05,Positive
ECO0031,20220822,4.64,-0.78,6.24,Neutral
ECO0032,20220205,4.68,0.28,5.21,Neutral
ECO0033,20220512,4.47,-0.6,6.39,Negative
ECO0034,20221120,5.23,2.44,5.07,Negative
ECO0035,20221212,3.5,1.98,5.42,Positive
ECO0036,20220512,7.35,0.68,4.75,Negative
ECO0037,20220109,4.0,0.28,6.29,Positive
ECO0038,20220130,2.89,-0.34,6.7,Positive
ECO0039,20220425,2.58,1.75,5.56,Neutral
ECO0040,20221028,2.08,4.43,6.28,Positive
ECO0041,20220104,4.54,2.8,3.24,Neutral
ECO0042,20221121,3.13,3.21,6.62,Positive
ECO0043,20220825,2.13,3.84,3.76,Negative
ECO0044,20220123,5.12,0.46,4.03,Negative
ECO0045,20220116,6.08,-1.56,3.21,Negative
ECO0046,20220122,2.51,2.36,6.86,Positive
ECO0047,20220313,4.77,-0.68,6.41,Positive
ECO0048,20221031,6.46,1.98,6.65,Neutral
ECO0049,20220818,7.91,3.18,6.39,Neutral
ECO0050,20220417,6.0,3.49,4.92,Neutral
ECO0051,20220727,3.47,0.11,6.7,Neutral
ECO0052,20220727,6.3,1.59,6.88,Positive
ECO0053,20220920,5.59,2.35,5.01,Positive
ECO0054,20220220,3.27,3.74,3.7,Neutral
ECO0055,20220306,7.11,3.33,5.63,Positive
ECO0056,20220922,4.56,4.92,6.9,Positive
ECO0057,20221204,7.77,-1.94,6.49,Positive
ECO0058,20221028,6.34,1.06,6.45,Positive
ECO0059,20220624,5.87,-0.21,6.74,Neutral
ECO0060,20220601,6.37,-1.16,6.58,Neutral
ECO0061,20220923,4.87,4.38,6.11,Positive
ECO0062,20221125,5.03,4.99,5.87,Negative
ECO0063,20221031,7.11,-0.74,4.06,Neutral
ECO0064,20220612,6.09,-1.73,5.49,Neutral
ECO0065,20221209,7.38,-0.07,5.09,Negative
ECO0066,20220826,7.34,3.84,6.45,Neutral
ECO0067,20220718,7.86,0.06,4.97,Negative
ECO0068,20220116,6.2,-1.6,3.51,Negative
ECO0069,20221105,5.01,-1.63,3.02,Positive
ECO0070,20221023,3.0,0.99,5.71,Neutral
ECO0071,20221222,6.23,4.52,5.2,Negative
ECO0072,20221003,3.75,0.0,4.32,Positive
ECO0073,20220827,3.7,0.99,3.68,Neutral
ECO0074,20220310,3.43,-1.29,4.87,Positive
ECO0075,20221028,7.25,1.46,3.4,Positive
ECO0076,20220106,7.21,2.88,4.34,Negative
ECO0077,20220808,5.79,-0.1,4.52,Neutral
ECO0078,20220911,4.84,0.08,4.86,Positive
ECO0079,20221022,6.03,3.89,4.87,Negative
ECO0080,20221224,5.64,-1.93,4.03,Negative
ECO0081,20220417,4.49,2.46,6.4,Positive
ECO0082,20221022,4.28,0.76,4.42,Positive
ECO0083,20220428,4.3,0.09,3.92,Negative
ECO0084,20220617,5.53,2.6,3.7,Positive
ECO0085,20220908,5.89,3.84,4.29,Positive
ECO0086,20220323,4.71,1.91,3.27,Neutral
ECO0087,20220223,7.81,-1.78,3.13,Negative
ECO0088,20220828,2.5,1.23,5.42,Positive
ECO0089,20220112,4.08,1.24,5.48,Negative
ECO0090,20220728,4.51,1.81,5.12,Neutral
ECO0091,20220614,2.1,2.7,6.05,Negative
ECO0092,20221021,4.19,-1.86,3.16,Negative
ECO0093,20220107,3.64,1.51,6.74,Negative
ECO0094,20220319,5.04,2.12,3.38,Neutral
ECO0095,20220306,4.02,0.4,5.7,Neutral
ECO0096,20220412,6.36,2.68,3.53,Negative
ECO0097,20221223,5.06,-0.4,6.52,Negative
ECO0098,20221027,2.78,0.22,5.04,Neutral
ECO0099,20221014,6.5,4.74,3.33,Positive
ECO0100,20220620,2.6,0.44,5.47,Neutral
ECO0101,20220318,7.03,0.43,3.04,Negative
ECO0102,20220217,7.59,2.17,6.1,Positive
ECO0103,20220912,3.93,4.8,5.6,Positive
ECO0104,20220323,7.56,4.88,3.85,Positive
ECO0105,20220728,6.76,2.06,4.5,Neutral
ECO0106,20220728,7.53,-1.99,3.03,Neutral
ECO0107,20220325,6.0,4.3,5.77,Neutral
ECO0108,20220110,3.41,1.99,4.29,Neutral
ECO0109,20220129,7.37,0.56,5.29,Negative
ECO0110,20221031,3.11,3.8,6.83,Positive
ECO0111,20220426,3.28,0.8,4.2,Negative
ECO0112,20220926,3.63,-1.76,6.96,Neutral
ECO0113,20220216,3.83,3.75,5.53,Neutral
ECO0114,20221225,5.09,1.82,3.97,Negative
ECO0115,20220401,6.28,0.37,4.75,Positive
ECO0116,20220222,7.56,-0.24,5.96,Positive
ECO0117,20220806,2.53,2.16,4.79,Neutral
ECO0118,20221214,7.73,-0.54,3.27,Neutral
ECO0119,20220318,7.53,0.27,3.67,Neutral
ECO0120,20220723,2.32,2.46,6.17,Neutral
ECO0121,20220213,4.16,4.17,5.59,Positive
ECO0122,20220605,6.88,1.73,5.28,Negative
ECO0123,20220102,5.67,3.31,3.67,Positive
ECO0124,20221223,6.67,3.34,6.35,Negative
ECO0125,20221109,6.31,2.65,6.84,Neutral
ECO0126,20220226,4.98,-0.28,3.16,Neutral
ECO0127,20221017,2.25,4.07,3.31,Negative
ECO0128,20220227,5.51,1.05,6.54,Neutral
ECO0129,20220911,2.29,-1.69,6.26,Positive
ECO0130,20220629,5.62,-0.29,5.47,Neutral
ECO0131,20220606,6.8,3.36,6.78,Neutral
ECO0132,20220204,5.51,-1.52,5.59,Neutral
ECO0133,20220316,7.98,-0.97,3.86,Neutral
ECO0134,20221016,4.74,2.86,5.91,Positive
ECO0135,20220316,6.49,4.25,5.58,Negative
ECO0136,20221125,6.0,2.44,6.94,Neutral
ECO0137,20220319,7.95,-0.44,3.86,Neutral
ECO0138,20220912,6.28,-1.63,5.39,Positive
ECO0139,20220922,2.98,2.31,6.12,Positive
ECO0140,20221031,7.73,-1.67,4.36,Positive
ECO0141,20220308,6.01,2.29,4.52,Neutral
ECO0142,20220809,2.36,-0.42,6.55,Negative
ECO0143,20220613,5.95,4.33,4.62,Positive
ECO0144,20220808,7.3,1.33,5.5,Positive
ECO0145,20220621,5.46,-0.43,6.56,Positive
ECO0146,20220911,4.12,3.97,3.84,Negative
ECO0147,20220729,6.93,-0.22,6.93,Neutral
ECO0148,20220707,6.7,0.15,5.81,Neutral
ECO0149,20220710,5.27,3.84,4.98,Neutral
ECO0150,20220803,2.93,0.16,4.72,Positive
ECO0151,20220327,3.51,0.87,6.82,Neutral
ECO0152,20220416,6.43,0.43,3.82,Positive
ECO0153,20221128,6.84,-1.19,4.25,Negative
ECO0154,20221023,3.68,-1.73,4.23,Negative
ECO0155,20220119,4.21,3.07,4.16,Neutral
ECO0156,20220216,2.47,2.52,4.87,Positive
ECO0157,20220306,6.28,-0.02,6.96,Positive
ECO0158,20220526,2.02,0.07,6.56,Neutral
ECO0159,20221013,2.28,4.62,4.31,Negative
ECO0160,20220307,2.03,4.91,4.69,Negative
ECO0161,20220105,5.87,1.31,5.68,Negative
ECO0162,20220403,4.5,3.62,3.07,Negative
ECO0163,20221219,3.79,3.16,6.28,Negative
ECO0164,20220404,7.48,0.08,6.52,Neutral
ECO0165,20220416,3.16,-1.59,6.43,Neutral
ECO0166,20220513,4.34,-1.0,4.5,Neutral
ECO0167,20221207,7.64,3.87,4.85,Negative
ECO0168,20221110,4.56,3.12,3.05,Negative
ECO0169,20220320,5.33,2.65,4.6,Neutral
ECO0170,20220731,2.48,-1.09,4.84,Neutral
ECO0171,20220108,6.74,2.48,6.63,Negative
ECO0172,20220608,4.54,3.41,6.58,Positive
ECO0173,20220925,6.8,4.02,6.86,Neutral
ECO0174,20220529,3.52,-1.91,6.54,Negative
ECO0175,20221216,4.53,2.79,3.03,Negative
ECO0176,20220401,6.72,-1.87,5.57,Neutral
ECO0177,20220824,7.84,2.95,3.27,Positive
ECO0178,20221016,2.36,2.45,4.09,Negative
ECO0179,20221222,6.87,-0.96,5.31,Neutral
ECO0180,20220617,3.8,3.36,5.8,Negative
ECO0181,20220712,5.3,-1.52,5.62,Negative
ECO0182,20220706,3.74,3.78,3.2,Negative
ECO0183,20220928,5.68,-0.17,3.41,Negative
ECO0184,20220424,4.12,2.82,3.51,Positive
ECO0185,20220111,4.0,4.47,3.37,Neutral
ECO0186,20220224,2.23,0.38,3.71,Neutral
ECO0187,20220915,2.88,1.52,5.75,Neutral
ECO0188,20220306,7.5,1.24,6.32,Neutral
ECO0189,20220621,7.99,-0.9,4.64,Neutral
ECO0190,20220929,6.68,2.13,5.77,Positive
ECO0191,20220530,3.72,3.2,3.8,Negative
ECO0192,20221228,4.41,4.42,6.89,Negative
ECO0193,20220526,6.44,3.96,4.4,Neutral
ECO0194,20220728,7.81,1.57,6.38,Negative
ECO0195,20221013,4.73,3.03,6.78,Negative
ECO0196,20220110,6.98,3.61,6.46,Negative
ECO0197,20220815,7.85,1.45,3.27,Neutral
ECO0198,20220705,7.24,-1.19,5.6,Neutral
ECO0199,20220303,3.36,1.07,3.48,Positive
ECO0200,20220326,2.05,3.9,3.02,Neutral
ECO0201,20220514,4.95,2.18,3.21,Positive
ECO0202,20221119,5.19,3.07,6.66,Neutral
ECO0203,20221024,3.21,-0.7,6.63,Negative
ECO0204,20220620,3.71,4.75,3.9,Positive
ECO0205,20220801,6.59,0.83,5.19,Positive
ECO0206,20220118,4.82,2.58,6.82,Positive
ECO0207,20221110,3.9,-1.87,4.99,Neutral
ECO0208,20220301,5.74,-1.11,4.57,Positive
ECO0209,20220329,5.92,3.47,4.93,Neutral
ECO0210,20220127,6.62,4.78,6.16,Positive
ECO0211,20220309,2.94,0.24,4.91,Neutral
ECO0212,20221005,6.45,-1.74,6.13,Positive
ECO0213,20220209,5.6,0.53,4.73,Negative
ECO0214,20220419,2.35,-1.88,4.01,Negative
ECO0215,20220315,6.66,-0.65,4.31,Positive
ECO0216,20220307,4.3,3.27,3.31,Neutral
ECO0217,20220617,3.98,4.56,4.99,Neutral
ECO0218,20220919,4.69,-1.39,3.59,Neutral
ECO0219,20221001,4.08,1.91,6.25,Negative
ECO0220,20221203,4.03,-0.22,4.68,Negative
ECO0221,20221224,6.85,-1.03,6.06,Negative
ECO0222,20220825,2.75,-0.47,6.82,Neutral
ECO0223,20220803,7.82,2.04,6.4,Neutral
ECO0224,20221013,5.33,-1.54,6.81,Neutral
ECO0225,20220529,3.1,1.04,5.27,Positive
ECO0226,20221114,2.79,-1.05,3.66,Positive
ECO0227,20220417,5.55,-0.09,6.74,Positive
ECO0228,20220521,5.8,-0.66,6.47,Negative
ECO0229,20220317,2.32,4.18,6.46,Negative
ECO0230,20220109,3.46,2.96,5.77,Neutral
ECO0231,20220715,6.77,4.08,5.5,Positive
ECO0232,20221022,2.3,0.68,3.06,Neutral
ECO0233,20221007,7.13,0.19,5.99,Positive
ECO0234,20220428,5.95,0.66,3.37,Positive
ECO0235,20221017,4.61,-1.87,4.04,Neutral
ECO0236,20220302,4.08,3.07,5.21,Neutral
ECO0237,20221201,2.12,0.45,4.81,Positive
ECO0238,20221102,6.95,0.19,3.06,Positive
ECO0239,20220220,2.86,2.19,6.3,Negative
ECO0240,20220221,3.86,1.05,6.52,Neutral
ECO0241,20220502,5.41,4.87,5.73,Neutral
ECO0242,20220616,3.48,0.49,5.16,Neutral
ECO0243,20220108,4.98,2.3,6.84,Neutral
ECO0244,20220214,6.86,0.18,3.48,Positive
ECO0245,20221210,4.82,4.93,5.95,Negative
ECO0246,20220902,7.69,1.12,3.51,Neutral
ECO0247,20221011,7.09,2.44,4.53,Positive
ECO0248,20220417,4.0,-1.11,5.34,Positive
ECO0249,20220127,4.4,3.13,5.95,Positive
ECO0250,20220712,4.54,-0.12,3.01,Positive
ECO0251,20221203,5.76,1.14,4.04,Positive
ECO0252,20221223,3.72,4.18,5.15,Neutral
ECO0253,20220303,7.82,4.79,5.13,Neutral
ECO0254,20220303,5.65,0.97,5.55,Negative
ECO0255,20221009,4.4,3.84,4.22,Neutral
ECO0256,20220501,5.87,-1.63,5.16,Positive
ECO0257,20221007,4.37,3.93,3.76,Negative
ECO0258,20220208,6.91,2.41,3.75,Positive
ECO0259,20221004,5.41,1.42,5.31,Positive
ECO0260,20220404,2.25,4.23,5.74,Neutral
ECO0261,20220425,3.06,3.92,3.48,Positive
ECO0262,20220625,7.19,0.08,3.49,Neutral
ECO0263,20220501,5.38,3.54,5.26,Positive
ECO0264,20220113,7.7,-1.3,4.08,Negative
ECO0265,20220612,2.43,3.76,4.57,Positive
ECO0266,20221002,3.77,2.73,4.6,Neutral
ECO0267,20220625,3.16,-1.38,3.71,Positive
ECO0268,20221203,5.32,2.78,3.01,Neutral
ECO0269,20221120,4.3,2.06,6.41,Neutral
ECO0270,20220622,2.94,2.16,5.86,Negative
ECO0271,20221002,5.86,0.04,5.76,Neutral
ECO0272,20220305,5.22,-0.13,5.19,Negative
ECO0273,20220411,3.65,3.34,5.8,Negative
ECO0274,20221118,4.88,-0.2,6.74,Positive
ECO0275,20220307,6.47,1.12,5.66,Negative
ECO0276,20221127,3.23,2.86,4.06,Neutral
ECO0277,20220214,3.76,-1.44,5.28,Neutral
ECO0278,20220328,4.08,2.16,4.77,Negative
ECO0279,20220308,6.48,2.13,5.23,Positive
ECO0280,20220916,7.08,2.79,5.07,Negative
ECO0281,20220724,4.26,0.59,6.44,Negative
ECO0282,20220627,3.78,1.14,5.61,Neutral
ECO0283,20221007,7.34,0.31,3.76,Positive
ECO0284,20221210,8.0,3.66,3.25,Positive
ECO0285,20220117,6.02,-1.09,4.7,Positive
ECO0286,20221023,7.94,4.74,3.06,Positive
ECO0287,20220721,5.96,2.44,4.27,Neutral
ECO0288,20220621,6.4,4.21,4.47,Positive
ECO0289,20220919,4.33,0.98,4.5,Positive
ECO0290,20220713,4.6,0.33,6.92,Positive
ECO0291,20220529,2.86,4.31,4.22,Neutral
ECO0292,20220204,6.94,-1.31,4.06,Neutral
ECO0293,20220129,7.59,-1.18,3.52,Positive
ECO0294,20220920,5.74,0.1,5.04,Neutral
ECO0295,20220809,4.06,4.72,3.61,Negative
ECO0296,20220222,2.92,2.43,5.47,Positive
ECO0297,20221006,3.59,1.88,3.62,Neutral
ECO0298,20221219,3.53,2.94,5.31,Positive
ECO0299,20220317,5.68,0.92,6.31,Positive
ECO0300,20220625,7.67,3.31,3.17,Neutral
ECO0301,20220110,2.29,0.75,4.68,Negative
ECO0302,20220427,2.01,3.78,4.84,Positive
ECO0303,20221007,5.6,-0.13,6.16,Negative
ECO0304,20220806,3.7,-0.06,4.87,Neutral
ECO0305,20220624,7.28,1.66,5.27,Positive
ECO0306,20220822,3.96,1.02,6.16,Neutral
ECO0307,20220909,3.74,2.54,5.24,Neutral
ECO0308,20221022,3.62,0.55,4.43,Neutral
ECO0309,20221118,2.87,-0.39,3.34,Neutral
ECO0310,20220106,5.49,1.29,5.92,Positive
ECO0311,20220121,3.01,1.93,6.48,Negative
ECO0312,20220314,4.55,-1.0,6.88,Negative
ECO0313,20221126,4.77,1.9,6.71,Positive
ECO0314,20220205,2.12,0.23,6.19,Positive
ECO0315,20220821,2.1,0.75,5.57,Negative
ECO0316,20220804,5.12,-0.04,6.13,Negative
ECO0317,20220725,6.18,4.52,4.73,Positive
ECO0318,20220213,7.65,2.78,5.38,Neutral
ECO0319,20220401,3.07,-0.16,4.39,Positive
ECO0320,20221112,2.62,2.52,4.31,Negative
ECO0321,20220403,2.31,3.94,6.03,Neutral
ECO0322,20221205,4.62,0.81,4.82,Negative
ECO0323,20220324,5.74,3.81,3.85,Neutral
ECO0324,20221129,7.04,-0.92,3.81,Negative
ECO0325,20221009,6.1,3.76,6.44,Neutral
ECO0326,20220121,3.25,1.78,5.71,Positive
ECO0327,20220816,4.77,-0.44,5.18,Positive
ECO0328,20220510,7.46,0.85,4.6,Neutral
ECO0329,20220624,3.96,4.92,4.72,Neutral
ECO0330,20220418,4.99,3.48,3.23,Positive
ECO0331,20221010,7.75,2.03,4.82,Positive
ECO0332,20220312,6.41,-1.19,6.18,Neutral
ECO0333,20220219,6.49,0.92,4.55,Neutral
ECO0334,20220405,3.51,-0.16,4.53,Positive
ECO0335,20221006,4.49,-1.5,3.06,Negative
ECO0336,20221203,2.49,1.8,4.83,Positive
ECO0337,20220512,5.64,4.22,3.1,Neutral
ECO0338,20221003,2.62,2.73,5.28,Neutral
ECO0339,20220113,7.02,-0.25,5.03,Negative
ECO0340,20220103,6.89,2.02,6.36,Positive
ECO0341,20220812,5.2,4.6,5.33,Neutral
ECO0342,20220624,2.85,3.06,4.29,Positive
ECO0343,20220331,2.15,2.83,5.06,Neutral
ECO0344,20220829,6.78,4.78,5.8,Negative
ECO0345,20220204,5.6,3.59,3.38,Positive
ECO0346,20220114,6.27,-1.04,5.48,Positive
ECO0347,20220714,3.82,0.43,6.67,Negative
ECO0348,20221102,5.06,4.76,4.2,Neutral
ECO0349,20221130,6.48,1.43,5.51,Neutral
ECO0350,20220801,4.78,-1.22,6.29,Positive
ECO0351,20220103,5.61,1.21,5.05,Negative
ECO0352,20220628,6.74,2.88,5.87,Positive
ECO0353,20220209,3.29,4.98,4.24,Positive
ECO0354,20220613,2.4,0.27,4.22,Neutral
ECO0355,20221103,5.19,1.6,5.67,Neutral
ECO0356,20220823,2.37,4.16,5.82,Neutral
ECO0357,20220914,6.6,0.49,6.75,Neutral
ECO0358,20221226,6.32,-1.24,3.9,Neutral
ECO0359,20220426,7.29,4.64,4.87,Negative
ECO0360,20220221,5.84,1.42,4.0,Positive
ECO0361,20220522,2.4,1.52,3.32,Negative
ECO0362,20220327,3.52,2.35,4.61,Positive
ECO0363,20220215,6.85,-1.98,4.5,Neutral
ECO0364,20221128,3.0,4.52,4.08,Negative
ECO0365,20220826,6.19,0.53,4.19,Positive
ECO0366,20220110,6.68,0.78,4.44,Neutral
ECO0367,20220601,3.98,-0.78,6.96,Neutral
ECO0368,20220302,3.93,0.65,6.13,Negative
ECO0369,20220118,5.35,3.63,3.29,Negative
ECO0370,20220327,7.17,3.6,6.49,Negative
ECO0371,20220517,3.34,4.55,5.53,Neutral
ECO0372,20220818,7.65,0.82,6.56,Positive
ECO0373,20220508,5.59,2.96,4.37,Positive
ECO0374,20220414,7.95,1.55,4.86,Negative
ECO0375,20220705,2.54,3.63,6.58,Positive
ECO0376,20220627,2.76,2.99,4.09,Neutral
ECO0377,20221223,6.96,0.58,6.66,Positive
ECO0378,20220106,7.19,0.36,6.31,Neutral
ECO0379,20221207,4.67,-0.23,6.92,Negative
ECO0380,20221103,6.28,2.04,4.3,Positive
ECO0381,20220205,7.21,4.75,3.94,Neutral
ECO0382,20221123,2.26,-0.6,4.32,Negative
ECO0383,20221222,5.44,-1.33,6.82,Negative
ECO0384,20221008,7.12,-1.16,4.33,Negative
ECO0385,20221027,4.39,3.48,5.26,Negative
ECO0386,20220114,3.81,0.45,4.61,Positive
ECO0387,20220825,6.77,-0.43,4.58,Neutral
ECO0388,20221012,4.01,0.47,3.77,Positive
ECO0389,20221126,2.02,2.52,5.15,Neutral
ECO0390,20220219,7.76,1.83,6.4,Negative
ECO0391,20220918,5.55,3.21,3.2,Positive
ECO0392,20220420,6.92,0.37,6.56,Negative
ECO0393,20220716,6.95,1.16,5.66,Neutral
ECO0394,20220909,2.4,-1.29,5.47,Negative
ECO0395,20220329,3.03,-1.49,5.5,Positive
ECO0396,20221109,3.87,1.24,4.19,Positive
ECO0397,20220126,3.92,0.11,4.66,Neutral
ECO0398,20220919,5.95,2.29,6.2,Neutral
ECO0399,20220524,5.74,-1.7,4.23,Positive
ECO0400,20220301,4.97,-1.15,4.88,Positive
ECO0401,20221222,3.27,4.06,3.08,Positive
ECO0402,20220925,4.29,1.96,5.93,Positive
ECO0403,20220316,5.26,2.98,4.67,Neutral
ECO0404,20220103,4.81,3.89,5.1,Positive
ECO0405,20220304,2.76,1.25,3.46,Neutral
ECO0406,20220824,5.9,3.33,6.97,Positive
ECO0407,20220817,2.44,1.67,4.21,Positive
ECO0408,20221002,4.27,-0.44,5.54,Negative
ECO0409,20220118,6.26,0.36,5.32,Negative
ECO0410,20220321,2.12,1.43,6.14,Positive
ECO0411,20220803,5.42,0.22,4.18,Neutral
ECO0412,20220620,4.01,0.35,6.02,Positive
ECO0413,20221125,2.05,0.36,4.53,Negative
ECO0414,20220912,3.14,-1.14,4.64,Positive
ECO0415,20220506,7.65,-1.41,5.69,Negative
ECO0416,20220912,5.13,-1.67,6.14,Positive
ECO0417,20220313,7.98,-1.22,5.67,Positive
ECO0418,20220207,5.15,0.41,6.6,Neutral
ECO0419,20221120,5.26,2.16,4.14,Negative
ECO0420,20220723,4.35,-0.68,6.6,Negative
ECO0421,20220621,3.86,4.22,3.52,Negative
ECO0422,20220811,3.51,3.66,5.64,Neutral
ECO0423,20220805,4.06,1.64,5.19,Positive
ECO0424,20220902,4.76,3.07,4.98,Neutral
ECO0425,20221202,3.15,0.56,4.24,Positive
ECO0426,20220710,3.35,-1.74,5.01,Neutral
ECO0427,20221025,3.63,4.33,3.65,Neutral
ECO0428,20221116,4.7,-1.11,4.48,Negative
ECO0429,20220701,5.92,4.64,3.39,Neutral
ECO0430,20221130,7.14,2.0,5.29,Positive
ECO0431,20220724,3.72,0.14,3.38,Neutral
ECO0432,20221227,3.1,1.47,3.64,Neutral
ECO0433,20220718,4.27,1.51,3.34,Positive
ECO0434,20221128,7.37,-1.84,4.53,Negative
ECO0435,20220614,2.06,0.49,6.37,Positive
ECO0436,20220830,6.07,3.18,6.63,Positive
ECO0437,20220510,4.86,1.57,3.29,Positive
ECO0438,20220815,2.97,-0.29,5.54,Neutral
ECO0439,20220502,3.93,0.35,5.74,Neutral
ECO0440,20220213,3.35,4.04,5.14,Positive
ECO0441,20220715,7.27,1.68,5.67,Positive
ECO0442,20221224,4.89,1.7,3.93,Negative
ECO0443,20220723,5.38,4.73,4.96,Neutral
ECO0444,20221114,5.56,0.25,4.56,Neutral
ECO0445,20220914,5.84,1.36,3.36,Neutral
ECO0446,20220117,4.97,3.68,5.5,Neutral
ECO0447,20220929,2.11,3.31,4.98,Positive
ECO0448,20220109,4.01,-0.14,4.1,Positive
ECO0449,20220906,3.1,-0.94,4.89,Negative
ECO0450,20220720,6.08,2.9,6.1,Neutral
ECO0451,20220228,2.34,-0.2,6.21,Neutral
ECO0452,20220520,5.38,4.46,5.6,Positive
ECO0453,20220429,3.26,-1.1,4.87,Negative
ECO0454,20220210,7.69,0.23,5.3,Positive
ECO0455,20221118,4.01,-1.62,4.54,Neutral
ECO0456,20221127,3.95,2.92,3.51,Neutral
ECO0457,20220924,7.54,4.24,4.54,Negative
ECO0458,20220108,4.5,2.45,5.12,Positive
ECO0459,20220702,7.78,4.56,5.4,Neutral
ECO0460,20220514,2.15,-1.1,6.74,Neutral
ECO0461,20220630,3.84,-1.39,6.11,Negative
ECO0462,20221221,6.0,3.87,3.61,Neutral
ECO0463,20220313,7.35,3.99,3.7,Neutral
ECO0464,20220423,3.54,3.82,3.4,Positive
ECO0465,20220417,7.58,3.59,5.95,Negative
ECO0466,20221017,5.56,0.54,5.82,Negative
ECO0467,20221109,6.81,-0.48,6.95,Negative
ECO0468,20220427,4.38,4.5,5.09,Positive
ECO0469,20220430,3.27,0.15,6.31,Negative
ECO0470,20220527,7.47,0.79,5.31,Neutral
ECO0471,20221123,7.6,2.9,6.5,Negative
ECO0472,20220729,4.99,0.05,5.88,Neutral
ECO0473,20221023,2.04,3.73,5.57,Negative
ECO0474,20220413,2.66,-1.51,5.26,Negative
ECO0475,20220504,5.44,3.54,5.89,Positive
ECO0476,20220902,2.14,2.21,4.68,Negative
ECO0477,20221222,4.38,2.01,3.39,Negative
ECO0478,20220728,3.82,1.21,3.16,Positive
ECO0479,20221110,6.29,-0.06,4.92,Neutral
ECO0480,20220419,2.33,1.25,5.4,Negative
ECO0481,20221214,4.93,1.15,3.32,Negative
ECO0482,20220219,5.47,2.09,4.15,Neutral
ECO0483,20220415,5.7,-0.03,4.29,Positive
ECO0484,20220127,4.43,-1.46,5.25,Negative
ECO0485,20221015,3.83,-0.98,4.11,Positive
ECO0486,20220914,6.09,2.89,3.38,Neutral
ECO0487,20220930,7.09,-1.84,3.66,Neutral
ECO0488,20220517,6.16,4.0,3.7,Positive
ECO0489,20221206,7.59,2.86,6.37,Neutral
ECO0490,20221028,6.3,3.38,4.14,Neutral
ECO0491,20221118,6.59,3.85,5.86,Negative
ECO0492,20220201,3.01,-1.14,5.27,Positive
ECO0493,20220214,4.52,3.76,6.91,Negative
ECO0494,20220922,4.91,1.53,4.09,Positive
ECO0495,20220130,3.54,4.2,3.63,Negative
ECO0496,20220325,5.17,4.21,3.21,Neutral
ECO0497,20220615,3.74,-1.83,3.96,Positive
ECO0498,20221112,6.13,0.68,5.74,Positive
ECO0499,20220101,4.82,1.68,3.34,Positive
ECO0500,20220906,4.75,2.75,3.98,Positive
ECO0501,20220918,7.9,0.0,6.42,Neutral
ECO0502,20220304,4.35,-0.24,5.33,Neutral
ECO0503,20220613,4.17,0.67,3.28,Neutral
ECO0504,20221117,3.91,1.51,3.19,Negative
ECO0505,20221130,7.37,4.66,3.24,Neutral
ECO0506,20220720,4.98,3.33,6.77,Negative
ECO0507,20220810,5.6,1.01,6.4,Negative
ECO0508,20220601,3.08,-1.62,6.38,Neutral
ECO0509,20220512,5.25,-0.82,6.7,Neutral
ECO0510,20220424,3.65,1.19,5.02,Neutral
ECO0511,20220805,6.38,3.7,3.99,Negative
ECO0512,20220715,7.0,0.66,4.61,Positive
ECO0513,20221008,6.29,1.77,5.88,Neutral
ECO0514,20220721,6.38,4.24,6.5,Negative
ECO0515,20220515,5.07,4.4,4.74,Negative
ECO0516,20220822,6.27,-0.49,5.14,Neutral
ECO0517,20220521,4.54,-1.69,6.73,Negative
ECO0518,20220715,5.91,0.14,3.43,Neutral
ECO0519,20220212,3.55,2.87,6.45,Negative
ECO0520,20220226,2.42,4.66,3.64,Positive
ECO0521,20220522,4.48,-1.46,4.94,Negative
ECO0522,20220729,4.77,-1.8,3.87,Neutral
ECO0523,20220313,3.54,4.19,5.41,Positive
ECO0524,20220812,6.37,3.24,5.23,Neutral
ECO0525,20220127,2.44,4.95,4.52,Negative
ECO0526,20220508,3.34,0.78,6.45,Positive
ECO0527,20220416,6.49,0.91,5.64,Positive
ECO0528,20220614,4.62,-0.79,5.88,Negative
ECO0529,20220803,6.23,-1.19,3.6,Positive
ECO0530,20220312,5.4,2.05,6.53,Positive
ECO0531,20220723,7.7,0.55,3.67,Positive
ECO0532,20220602,5.59,-1.44,3.89,Neutral
ECO0533,20220308,2.09,4.21,3.51,Neutral
ECO0534,20220331,4.12,-0.61,4.76,Positive
ECO0535,20220917,2.86,3.24,6.55,Negative
ECO0536,20221228,7.55,-0.02,4.01,Negative
ECO0537,20220816,2.62,3.69,4.5,Neutral
ECO0538,20220320,4.33,-1.17,6.38,Negative
ECO0539,20220406,3.36,3.29,5.47,Positive
ECO0540,20221215,7.08,-1.31,6.01,Negative
ECO0541,20221126,3.85,1.13,3.86,Neutral
ECO0542,20220903,7.95,3.14,5.87,Neutral
ECO0543,20220929,2.23,-0.79,3.91,Positive
ECO0544,20220606,2.77,-0.0,6.95,Neutral
ECO0545,20220426,3.35,4.05,5.24,Neutral
ECO0546,20220118,6.87,4.2,5.78,Neutral
ECO0547,20220621,7.27,-1.69,3.47,Negative
ECO0548,20220116,2.43,-0.82,4.0,Neutral
ECO0549,20220828,2.19,-1.18,3.56,Negative
ECO0550,20220225,6.47,-0.74,4.56,Neutral
ECO0551,20220320,2.8,4.79,4.14,Neutral
ECO0552,20220413,2.8,1.86,5.93,Negative
ECO0553,20221011,2.13,1.28,3.43,Negative
ECO0554,20220712,2.3,4.89,6.01,Positive
ECO0555,20220105,3.58,1.9,3.18,Positive
ECO0556,20220416,2.39,2.63,3.81,Negative
ECO0557,20221005,4.21,0.33,6.17,Neutral
ECO0558,20220410,7.0,0.67,5.97,Positive
ECO0559,20220826,3.96,2.16,4.91,Negative
ECO0560,20220926,6.37,-1.51,3.2,Negative
ECO0561,20221117,2.56,-0.21,5.44,Neutral
ECO0562,20220327,5.96,-0.62,4.63,Negative
ECO0563,20221116,3.9,-1.89,4.27,Positive
ECO0564,20220201,6.5,1.76,5.56,Neutral
ECO0565,20221202,2.82,1.93,4.75,Negative
ECO0566,20220220,7.39,0.69,3.37,Negative
ECO0567,20220320,3.46,-0.12,6.66,Neutral
ECO0568,20220705,4.12,2.56,6.11,Neutral
ECO0569,20220623,7.7,-1.06,3.23,Neutral
ECO0570,20220416,5.47,1.63,5.1,Positive
ECO0571,20220304,4.19,3.38,3.33,Positive
ECO0572,20220317,7.7,-0.85,6.35,Negative
ECO0573,20221112,3.97,3.27,5.45,Negative
ECO0574,20221117,2.57,3.33,3.69,Neutral
ECO0575,20220322,7.98,-1.58,3.08,Negative
ECO0576,20221227,3.61,-1.87,3.13,Negative
ECO0577,20220508,7.11,4.82,5.03,Neutral
ECO0578,20220702,2.99,-0.65,5.94,Positive
ECO0579,20220831,6.39,3.75,3.48,Positive
ECO0580,20220704,5.15,1.93,3.89,Positive
ECO0581,20220808,7.89,-0.15,4.31,Negative
ECO0582,20220312,5.32,-1.09,3.87,Neutral
ECO0583,20221208,2.15,1.48,4.57,Positive
ECO0584,20220603,5.62,0.85,5.24,Negative
ECO0585,20220902,2.87,2.89,5.74,Neutral
ECO0586,20220520,6.79,4.33,6.86,Positive
ECO0587,20220312,7.14,3.64,6.72,Positive
ECO0588,20220215,4.89,-0.08,5.28,Neutral
ECO0589,20220216,6.7,4.15,5.94,Negative
ECO0590,20220320,2.87,3.83,6.8,Negative
ECO0591,20220529,4.95,4.5,3.33,Positive
ECO0592,20220510,4.36,1.21,3.02,Neutral
ECO0593,20220507,5.67,3.38,3.12,Negative
ECO0594,20221231,2.27,2.14,5.25,Neutral
ECO0595,20220429,6.51,0.17,6.05,Neutral
ECO0596,20221223,2.47,4.96,4.47,Positive
ECO0597,20220919,5.94,-1.73,5.18,Neutral
ECO0598,20220901,2.11,-0.86,5.07,Neutral
ECO0599,20220413,6.99,4.25,3.38,Neutral
ECO0600,20220206,3.05,-1.58,4.29,Negative
ECO0601,20220522,5.09,4.21,3.08,Positive
ECO0602,20220206,3.57,3.01,3.44,Positive
ECO0603,20220108,6.34,-1.74,6.25,Neutral
ECO0604,20220819,3.93,1.01,6.32,Neutral
ECO0605,20221129,6.35,3.28,6.21,Negative
ECO0606,20221023,3.71,2.08,5.91,Positive
ECO0607,20220417,6.51,4.55,6.17,Negative
ECO0608,20221214,2.18,4.07,5.68,Positive
ECO0609,20220118,3.7,0.33,5.68,Negative
ECO0610,20221109,4.99,-1.41,5.67,Neutral
ECO0611,20220324,2.27,4.61,5.06,Negative
ECO0612,20221015,3.12,1.62,4.45,Neutral
ECO0613,20220713,7.61,-1.48,5.92,Positive
ECO0614,20220803,7.86,3.72,4.19,Positive
ECO0615,20221008,6.44,4.08,5.17,Neutral
ECO0616,20220808,3.51,2.48,4.73,Positive
ECO0617,20221016,3.56,1.13,4.11,Negative
ECO0618,20221210,5.87,2.64,6.9,Neutral
ECO0619,20220713,2.71,2.95,4.04,Positive
ECO0620,20220607,7.69,4.25,4.24,Negative
ECO0621,20220414,3.35,4.69,3.65,Negative
ECO0622,20220203,8.0,1.6,6.29,Positive
ECO0623,20220412,4.97,3.59,5.35,Positive
ECO0624,20220507,6.63,4.75,5.45,Negative
ECO0625,20220802,2.01,-0.94,6.28,Neutral
ECO0626,20221121,7.33,-1.87,4.37,Positive
ECO0627,20221023,3.62,4.08,3.77,Positive
ECO0628,20220628,6.01,-0.63,3.79,Neutral
ECO0629,20220321,6.84,-1.7,5.93,Neutral
ECO0630,20220521,2.98,-0.88,5.46,Positive
ECO0631,20220131,4.66,0.69,3.83,Neutral
ECO0632,20220304,4.96,-0.47,3.58,Negative
ECO0633,20220217,3.87,0.14,3.48,Negative
ECO0634,20220328,4.89,4.83,5.51,Negative
ECO0635,20221031,3.91,2.93,3.0,Positive
ECO0636,20220302,4.16,2.99,3.07,Neutral
ECO0637,20221130,6.02,-1.34,4.56,Negative
ECO0638,20221001,5.8,3.12,5.77,Neutral
ECO0639,20221011,3.39,3.18,5.78,Negative
ECO0640,20220321,7.38,2.62,4.72,Neutral
ECO0641,20220629,7.18,-0.4,5.76,Negative
ECO0642,20220929,5.05,0.96,5.08,Negative
ECO0643,20220318,4.6,3.92,6.91,Negative
ECO0644,20220809,4.26,2.69,3.65,Negative
ECO0645,20221009,6.24,3.13,5.4,Negative
ECO0646,20220128,6.03,2.11,4.96,Negative
ECO0647,20221227,3.18,1.15,3.78,Negative
ECO0648,20220318,6.03,3.31,6.0,Negative
ECO0649,20220613,3.51,-1.52,4.1,Negative
ECO0650,20220109,2.11,2.71,4.53,Neutral
ECO0651,20220624,6.2,4.98,4.5,Neutral
ECO0652,20221103,5.87,3.46,3.98,Positive
ECO0653,20220317,4.46,0.03,4.72,Negative
ECO0654,20220902,5.15,-0.06,4.89,Neutral
ECO0655,20220502,7.68,2.67,5.98,Neutral
ECO0656,20220704,5.57,4.27,6.06,Neutral
ECO0657,20220201,5.95,2.05,3.63,Neutral
ECO0658,20220907,2.38,1.69,5.37,Neutral
ECO0659,20220226,3.0,-0.88,6.58,Neutral
ECO0660,20221106,3.81,3.01,3.44,Positive
ECO0661,20220524,5.24,2.92,4.89,Neutral
ECO0662,20221114,6.66,4.77,6.0,Positive
ECO0663,20220325,3.93,0.1,5.45,Positive
ECO0664,20220225,4.14,3.3,3.4,Negative
ECO0665,20221006,3.54,1.04,4.59,Negative
ECO0666,20220930,3.53,1.91,5.03,Negative
ECO0667,20220615,7.69,3.72,6.98,Neutral
ECO0668,20220607,5.81,-0.45,3.71,Negative
ECO0669,20220906,2.94,0.4,6.93,Neutral
ECO0670,20220705,6.33,3.41,4.5,Neutral
ECO0671,20220319,6.33,1.99,3.8,Negative
ECO0672,20220122,6.0,-1.35,4.66,Negative
ECO0673,20220418,2.81,1.01,5.46,Positive
ECO0674,20220930,4.45,2.11,3.85,Positive
ECO0675,20220909,2.64,4.37,4.17,Neutral
ECO0676,20220115,6.9,-0.68,6.42,Neutral
ECO0677,20221031,5.93,3.64,7.0,Negative
ECO0678,20220609,5.04,-1.09,4.27,Negative
ECO0679,20220724,4.06,-0.3,3.6,Positive
ECO0680,20220423,3.11,-0.3,6.17,Negative
ECO0681,20220617,2.64,4.14,5.4,Neutral
ECO0682,20221219,7.82,-0.61,3.4,Negative
ECO0683,20220910,3.2,3.51,6.79,Positive
ECO0684,20220705,2.36,1.23,3.31,Neutral
ECO0685,20221213,7.77,4.99,5.5,Positive
ECO0686,20220815,5.29,3.87,4.7,Positive
ECO0687,20220116,6.78,3.18,5.23,Neutral
ECO0688,20220605,2.26,4.1,3.85,Positive
ECO0689,20221220,5.4,2.44,5.75,Negative
ECO0690,20220421,4.39,3.91,6.84,Negative
ECO0691,20220101,6.63,-0.17,4.83,Positive
ECO0692,20220210,2.23,-1.32,5.09,Negative
ECO0693,20220217,4.41,2.31,3.96,Positive
ECO0694,20220418,6.79,1.04,6.57,Negative
ECO0695,20220610,5.14,0.99,6.88,Positive
ECO0696,20220610,5.3,1.69,6.15,Negative
ECO0697,20221225,2.58,0.53,5.17,Neutral
ECO0698,20220508,2.79,2.38,6.83,Neutral
ECO0699,20220729,6.06,-1.79,3.62,Negative
ECO0700,20220531,6.05,4.79,4.91,Positive
ECO0701,20220912,7.87,4.47,5.15,Negative
ECO0702,20220806,6.27,4.55,4.97,Positive
ECO0703,20220130,4.96,0.56,6.21,Negative
ECO0704,20220214,7.14,1.72,5.68,Negative
ECO0705,20220321,2.63,4.68,3.51,Neutral
ECO0706,20220208,4.7,4.32,4.39,Positive
ECO0707,20220828,3.72,3.53,4.36,Positive
ECO0708,20220214,2.63,0.85,5.26,Positive
ECO0709,20220319,6.58,1.95,4.17,Positive
ECO0710,20221203,5.06,3.55,3.47,Positive
ECO0711,20221215,5.34,-0.09,5.61,Neutral
ECO0712,20221015,4.47,2.39,6.4,Negative
ECO0713,20221007,4.76,3.8,6.73,Positive
ECO0714,20220426,2.7,2.95,6.89,Positive
ECO0715,20220926,6.04,1.36,6.12,Negative
ECO0716,20221201,4.59,2.09,3.56,Neutral
ECO0717,20221108,6.9,4.92,6.41,Neutral
ECO0718,20220222,3.18,2.21,4.6,Neutral
ECO0719,20220309,3.23,3.5,5.92,Negative
ECO0720,20220701,5.87,3.09,5.13,Negative
ECO0721,20220203,7.08,2.91,6.31,Neutral
ECO0722,20221011,4.83,3.01,4.7,Neutral
ECO0723,20221102,6.36,1.18,3.25,Negative
ECO0724,20220906,8.0,1.32,5.23,Neutral
ECO0725,20220421,7.94,1.28,3.69,Positive
ECO0726,20220404,6.47,-1.77,6.86,Negative
ECO0727,20220628,6.44,-0.31,5.11,Neutral
ECO0728,20220216,3.49,-0.92,5.21,Positive
ECO0729,20221009,7.0,4.21,6.63,Negative
ECO0730,20221206,4.43,-0.08,5.5,Negative
ECO0731,20221228,7.77,-1.03,4.21,Positive
ECO0732,20220402,2.49,-1.16,4.18,Negative
ECO0733,20220731,4.62,2.9,5.01,Neutral
ECO0734,20220316,5.34,-1.96,6.47,Negative
ECO0735,20220721,4.43,1.3,6.18,Neutral
ECO0736,20221024,3.26,-1.17,6.85,Positive
ECO0737,20221104,5.56,3.95,3.29,Positive
ECO0738,20220730,6.54,4.71,4.07,Negative
ECO0739,20221204,5.87,4.71,3.32,Positive
ECO0740,20220514,3.41,1.09,6.0,Positive
ECO0741,20221126,6.39,2.51,3.56,Negative
ECO0742,20220307,3.54,2.2,3.4,Neutral
ECO0743,20221007,3.05,0.45,5.25,Negative
ECO0744,20220128,6.14,1.11,4.65,Negative
ECO0745,20220427,7.06,-1.55,5.86,Neutral
ECO0746,20221113,4.89,3.57,4.95,Neutral
ECO0747,20221121,5.19,-0.31,4.7,Neutral
ECO0748,20220424,3.82,1.22,4.7,Negative
ECO0749,20220316,4.97,1.36,6.49,Neutral
ECO0750,20220721,2.79,1.92,4.58,Positive
ECO0751,20220228,7.73,3.73,4.33,Neutral
ECO0752,20220115,6.8,2.84,4.35,Positive
ECO0753,20220819,6.01,2.64,3.79,Neutral
ECO0754,20220415,5.23,1.69,6.44,Positive
ECO0755,20220614,6.75,-1.33,3.59,Positive
ECO0756,20220718,4.97,0.81,6.63,Positive
ECO0757,20221220,3.8,4.7,4.13,Positive
ECO0758,20220204,2.96,4.97,6.6,Positive
ECO0759,20220611,5.89,3.11,6.16,Neutral
ECO0760,20220902,7.58,-0.41,5.33,Negative
ECO0761,20221014,2.92,-1.29,5.68,Negative
ECO0762,20220119,3.08,0.9,4.3,Negative
ECO0763,20221007,4.6,4.0,5.3,Negative
ECO0764,20221206,6.84,3.05,4.17,Negative
ECO0765,20221214,3.76,4.19,4.61,Positive
ECO0766,20220701,3.52,2.31,6.06,Neutral
ECO0767,20220527,5.72,-1.09,3.98,Positive
ECO0768,20220625,5.21,-1.2,6.36,Neutral
ECO0769,20220612,2.36,-1.66,4.5,Neutral
ECO0770,20220624,2.49,1.97,5.13,Neutral
ECO0771,20220216,5.86,-0.3,6.77,Neutral
ECO0772,20220913,4.79,3.14,5.73,Negative
ECO0773,20220623,7.83,2.8,5.58,Neutral
ECO0774,20220413,6.07,0.23,5.85,Neutral
ECO0775,20220501,2.06,-0.76,6.67,Negative
ECO0776,20221216,4.89,-1.28,3.99,Positive
ECO0777,20220525,4.49,3.16,5.45,Positive
ECO0778,20220211,2.64,1.15,4.6,Positive
ECO0779,20220129,7.54,0.26,3.05,Positive
ECO0780,20220930,6.83,4.0,3.5,Neutral
ECO0781,20220114,3.38,2.16,4.3,Negative
ECO0782,20221102,3.54,1.63,5.26,Negative
ECO0783,20221109,2.19,3.2,6.53,Positive
ECO0784,20220708,3.78,3.71,6.16,Negative
ECO0785,20221226,5.51,2.8,5.21,Neutral
ECO0786,20221022,4.53,1.08,3.3,Positive
ECO0787,20220702,7.82,0.66,4.14,Neutral
ECO0788,20221218,2.34,3.4,4.47,Neutral
ECO0789,20220205,5.55,1.63,5.49,Neutral
ECO0790,20220206,7.15,2.93,3.26,Neutral
ECO0791,20220114,4.88,4.23,5.12,Neutral
ECO0792,20220503,2.02,4.41,6.61,Positive
ECO0793,20220324,3.46,-0.06,5.82,Neutral
ECO0794,20220608,3.94,-0.68,6.19,Positive
ECO0795,20221125,7.8,-0.17,5.73,Negative
ECO0796,20220412,7.47,3.26,3.83,Neutral
ECO0797,20221203,7.7,0.59,3.44,Neutral
ECO0798,20220324,6.95,-0.79,6.32,Negative
ECO0799,20220213,4.11,-1.31,5.78,Positive
ECO0800,20220309,7.44,0.29,5.3,Neutral
ECO0801,20220217,7.89,-1.05,3.76,Negative
ECO0802,20220226,4.1,-0.91,5.41,Negative
ECO0803,20220316,3.56,2.79,3.13,Neutral
ECO0804,20220122,5.28,-1.86,3.48,Positive
ECO0805,20220512,3.12,-1.18,4.25,Positive
ECO0806,20221029,2.2,3.91,4.77,Neutral
ECO0807,20220924,7.67,3.91,3.48,Negative
ECO0808,20221014,7.55,0.3,3.48,Neutral
ECO0809,20220430,2.98,-1.38,5.9,Positive
ECO0810,20220903,4.45,2.93,5.28,Negative
ECO0811,20220225,6.99,0.52,5.13,Neutral
ECO0812,20220207,5.97,-1.68,4.81,Negative
ECO0813,20220902,4.37,-0.9,6.91,Positive
ECO0814,20220121,6.47,-1.04,3.2,Positive
ECO0815,20220420,7.38,2.12,3.72,Positive
ECO0816,20220404,7.56,4.29,5.59,Neutral
ECO0817,20220516,4.27,3.55,3.55,Negative
ECO0818,20220819,3.04,1.83,5.36,Neutral
ECO0819,20220108,7.48,0.96,5.27,Neutral
ECO0820,20221124,2.56,2.33,6.88,Neutral
ECO0821,20221017,6.33,1.11,6.53,Neutral
ECO0822,20220908,2.84,-0.28,6.78,Negative
ECO0823,20221227,4.34,2.75,3.45,Negative
ECO0824,20220328,4.47,4.11,6.47,Neutral
ECO0825,20220723,2.95,0.61,3.52,Neutral
ECO0826,20220807,7.54,3.89,5.53,Positive
ECO0827,20220829,2.02,1.02,5.88,Positive
ECO0828,20221116,7.36,0.81,3.64,Negative
ECO0829,20220915,7.3,-1.8,5.53,Positive
ECO0830,20220419,3.9,2.87,3.21,Negative
ECO0831,20220913,6.23,3.65,4.17,Negative
ECO0832,20221009,3.52,2.64,6.68,Negative
ECO0833,20220808,6.55,-0.94,3.69,Positive
ECO0834,20220324,5.37,-1.28,3.26,Positive
ECO0835,20220417,3.8,2.01,4.77,Negative
ECO0836,20220310,4.4,0.81,6.4,Negative
ECO0837,20220407,6.14,1.0,3.31,Neutral
ECO0838,20220731,7.44,4.77,4.42,Negative
ECO0839,20221013,2.78,3.07,6.6,Negative
ECO0840,20220825,5.43,0.88,3.47,Neutral
ECO0841,20220108,3.52,-1.87,4.24,Negative
ECO0842,20221021,6.81,-1.76,6.11,Negative
ECO0843,20220708,2.42,2.79,5.17,Negative
ECO0844,20220322,6.13,3.86,6.33,Neutral
ECO0845,20220418,3.05,2.95,3.45,Positive
ECO0846,20221117,5.58,0.84,6.68,Negative
ECO0847,20220308,7.01,-1.78,6.74,Neutral
ECO0848,20220623,6.53,4.77,3.62,Negative
ECO0849,20221212,6.52,4.9,3.14,Neutral
ECO0850,20221217,5.11,1.85,6.96,Negative
ECO0851,20221124,7.34,-1.51,4.93,Neutral
ECO0852,20220212,5.53,1.79,5.29,Positive
ECO0853,20220706,7.51,4.25,5.46,Positive
ECO0854,20221029,5.28,2.76,6.16,Positive
ECO0855,20220719,5.04,3.04,6.25,Negative
ECO0856,20220208,3.33,-1.41,3.78,Neutral
ECO0857,20220808,5.27,-1.25,3.95,Negative
ECO0858,20221103,2.84,-1.11,6.51,Negative
ECO0859,20220104,7.22,4.33,6.28,Neutral
ECO0860,20220501,6.06,1.68,5.47,Negative
ECO0861,20221202,7.96,3.54,6.98,Neutral
ECO0862,20220318,2.55,-1.19,5.94,Neutral
ECO0863,20220628,3.44,4.49,3.86,Positive
ECO0864,20220513,7.26,3.75,6.39,Positive
ECO0865,20221107,4.37,-0.43,4.66,Positive
ECO0866,20220817,4.8,4.12,3.14,Neutral
ECO0867,20221003,7.16,-0.16,4.29,Positive
ECO0868,20220601,5.13,-0.56,6.05,Neutral
ECO0869,20220613,3.16,-0.15,6.84,Negative
ECO0870,20221017,7.35,4.37,4.1,Positive
ECO0871,20220419,2.19,4.41,3.99,Neutral
ECO0872,20220506,7.37,0.3,5.25,Neutral
ECO0873,20220828,2.3,2.94,6.25,Neutral
ECO0874,20221106,6.0,2.73,5.99,Neutral
ECO0875,20221211,2.43,3.65,5.24,Positive
ECO0876,20220526,6.24,0.08,5.53,Positive
ECO0877,20220909,2.2,1.57,3.97,Positive
ECO0878,20220702,7.05,2.67,4.73,Neutral
ECO0879,20221105,4.8,-1.82,4.02,Negative
ECO0880,20221102,2.56,0.64,6.54,Neutral
ECO0881,20220313,6.24,2.87,3.45,Negative
ECO0882,20220807,4.94,-0.23,5.72,Positive
ECO0883,20220726,3.15,4.7,4.04,Neutral
ECO0884,20220622,2.09,-1.79,4.9,Neutral
ECO0885,20220521,4.51,4.71,4.2,Positive
ECO0886,20220929,2.51,-0.48,4.29,Neutral
ECO0887,20220802,2.57,-1.66,4.04,Negative
ECO0888,20220926,3.6,0.05,6.01,Negative
ECO0889,20220120,5.78,3.5,4.46,Negative
ECO0890,20220307,5.18,3.27,5.91,Neutral
ECO0891,20221030,2.41,-0.54,4.82,Neutral
ECO0892,20220527,7.81,-0.62,5.19,Negative
ECO0893,20220614,7.32,2.5,5.17,Neutral
ECO0894,20221106,3.56,1.21,6.9,Negative
ECO0895,20220106,2.73,3.55,4.47,Positive
ECO0896,20220114,7.65,-1.83,3.83,Negative
ECO0897,20220512,4.77,2.27,6.65,Positive
ECO0898,20221208,3.87,3.11,3.7,Positive
ECO0899,20220831,4.94,4.95,6.34,Positive
ECO0900,20220819,6.64,2.75,3.6,Negative
ECO0901,20220816,3.01,-0.38,5.63,Negative
ECO0902,20220611,6.6,-1.24,3.6,Neutral
ECO0903,20221010,6.5,2.49,6.69,Neutral
ECO0904,20220920,5.24,1.66,5.26,Positive
ECO0905,20220511,7.2,4.29,4.32,Negative
ECO0906,20220813,2.79,3.09,3.56,Neutral
ECO0907,20220915,5.57,1.57,4.48,Neutral
ECO0908,20220822,4.7,0.83,5.82,Neutral
ECO0909,20221202,4.53,0.83,4.54,Negative
ECO0910,20221112,3.52,-0.42,3.98,Neutral
ECO0911,20220124,4.23,-1.88,5.31,Positive
ECO0912,20220928,2.65,2.02,4.67,Negative
ECO0913,20220405,3.51,-0.51,3.66,Neutral
ECO0914,20220522,3.63,-0.54,3.62,Neutral
ECO0915,20220701,6.32,-1.12,5.83,Negative
ECO0916,20220725,2.29,-0.67,6.9,Neutral
ECO0917,20220322,5.91,-1.78,3.93,Neutral
ECO0918,20221001,3.33,2.72,6.09,Positive
ECO0919,20221003,2.49,0.81,3.35,Negative
ECO0920,20220727,3.8,1.93,4.53,Neutral
ECO0921,20221023,3.35,2.46,5.03,Negative
ECO0922,20220208,5.31,4.81,4.07,Negative
ECO0923,20221015,4.14,-1.52,5.12,Positive
ECO0924,20220504,7.8,0.93,6.53,Positive
ECO0925,20221230,7.78,-0.28,6.78,Negative
ECO0926,20221010,4.66,1.34,3.4,Positive
ECO0927,20220629,6.77,4.44,4.09,Positive
ECO0928,20220407,2.08,3.07,6.92,Neutral
ECO0929,20220710,5.29,2.63,4.08,Positive
ECO0930,20220315,6.46,1.09,5.77,Positive
ECO0931,20220930,3.3,2.7,4.01,Neutral
ECO0932,20220218,2.37,-1.77,4.43,Neutral
ECO0933,20221203,2.94,2.1,3.77,Negative
ECO0934,20220729,4.65,1.88,6.43,Positive
ECO0935,20220426,5.04,0.43,6.53,Neutral
ECO0936,20220123,4.29,-0.59,4.19,Positive
ECO0937,20220408,4.64,3.65,6.29,Negative
ECO0938,20221124,4.82,-1.62,4.43,Positive
ECO0939,20221109,6.62,-1.51,3.4,Positive
ECO0940,20220709,2.63,1.08,6.03,Positive
ECO0941,20220701,6.61,-0.23,5.39,Neutral
ECO0942,20220528,6.13,3.22,4.1,Neutral
ECO0943,20221208,6.45,2.44,4.01,Negative
ECO0944,20220123,6.41,3.41,6.9,Positive
ECO0945,20220415,4.82,0.27,6.45,Negative
ECO0946,20220612,3.27,3.18,6.24,Negative
ECO0947,20220308,5.22,4.04,3.51,Neutral
ECO0948,20221017,7.75,0.42,6.02,Positive
ECO0949,20221016,5.53,0.38,3.86,Positive
ECO0950,20220215,2.07,4.3,6.91,Negative
ECO0951,20220322,2.36,-1.65,3.21,Positive
ECO0952,20220527,7.96,0.45,4.41,Neutral
ECO0953,20220810,2.43,-1.17,4.71,Negative
ECO0954,20221209,2.28,-1.8,6.3,Negative
ECO0955,20220115,4.12,-1.21,6.06,Neutral
ECO0956,20220501,7.82,1.02,4.5,Neutral
ECO0957,20220319,3.91,2.81,5.26,Neutral
ECO0958,20221118,4.46,0.02,6.34,Neutral
ECO0959,20221022,5.8,3.95,3.07,Neutral
ECO0960,20220829,2.14,1.06,6.21,Neutral
ECO0961,20220118,7.39,4.78,6.79,Negative
ECO0962,20220913,5.12,4.68,3.13,Positive
ECO0963,20221004,4.8,3.41,3.18,Positive
ECO0964,20220127,7.16,4.53,4.38,Negative
ECO0965,20220102,7.72,2.95,3.35,Positive
ECO0966,20221219,4.54,4.27,4.92,Positive
ECO0967,20221022,3.03,-0.34,5.91,Negative
ECO0968,20221108,6.89,0.42,5.27,Positive
ECO0969,20221229,4.42,3.27,3.79,Positive
ECO0970,20220827,7.61,0.97,5.62,Negative
ECO0971,20220113,7.7,3.86,5.74,Positive
ECO0972,20220703,2.69,4.14,6.73,Neutral
ECO0973,20220713,7.74,0.1,3.59,Negative
ECO0974,20220225,4.21,3.76,5.77,Positive
ECO0975,20220818,5.88,-0.92,6.65,Positive
ECO0976,20220128,2.21,0.34,5.01,Neutral
ECO0977,20221116,7.33,1.63,4.45,Negative
ECO0978,20220312,5.85,-0.41,3.68,Negative
ECO0979,20220729,5.86,2.05,6.47,Positive
ECO0980,20220703,7.41,2.05,4.58,Neutral
ECO0981,20221222,5.05,-0.55,6.7,Neutral
ECO0982,20220210,4.46,3.57,6.39,Neutral
ECO0983,20220917,7.2,2.42,4.51,Neutral
ECO0984,20221210,6.45,0.22,5.3,Neutral
ECO0985,20220325,7.69,-0.37,3.11,Neutral
ECO0986,20220215,7.64,4.15,4.05,Negative
ECO0987,20220608,4.29,3.85,5.84,Positive
ECO0988,20221210,4.68,-0.39,5.71,Positive
ECO0989,20220107,3.54,-1.75,4.41,Neutral
ECO0990,20221129,5.96,3.63,6.23,Negative
ECO0991,20220516,4.19,2.31,3.94,Negative
ECO0992,20220702,6.72,-1.29,4.85,Neutral
ECO0993,20220716,2.73,2.11,4.89,Positive
ECO0994,20220621,2.7,1.17,4.36,Neutral
ECO0995,20221215,3.23,3.42,6.82,Negative
ECO0996,20221003,2.51,-0.54,5.79,Neutral
ECO0997,20220319,5.72,1.17,5.16,Positive
ECO0998,20220627,2.88,-0.91,5.04,Positive
ECO0999,20220127,2.96,4.7,3.64,Negative
