CustomerID,AccountID,DateKey,Balance,NumOfTransactions,AmountSpent,FeedbackID,BehaviorID,EconomicIndicatorID,Exited
CUST0000,ACC0000,20220615,93895.38,18,2226.5,FBK0000,BHV0000,ECO0000,0
CUST0001,ACC0001,20220211,2242.27,11,1623.91,FBK0001,BHV0001,ECO0001,0
CUST0002,ACC0002,20220625,73016.14,9,4588.64,FBK0002,BHV0002,ECO0002,1
CUST0003,ACC0003,20220308,31611.57,9,2093.33,FBK0003,BHV0003,ECO0003,1
CUST0004,ACC0004,20220307,38095.73,8,1421.27,FBK0004,BHV0004,ECO0004,0
CUST0005,ACC0005,20220324,47441.19,3,578.54,FBK0005,BHV0005,ECO0005,0
CUST0006,ACC0006,20221216,43252.31,18,3987.22,FBK0006,BHV0006,ECO0006,0
CUST0007,ACC0007,20220415,51982.4,14,4142.95,FBK0007,BHV0007,ECO0007,0
CUST0008,ACC0008,20221014,58653.81,3,263.16,FBK0008,BHV0008,ECO0008,0
CUST0009,ACC0009,20220705,47093.95,17,1857.36,FBK0009,BHV0009,ECO0009,0
CUST0010,ACC0010,20221011,70454.79,4,3774.39,FBK0010,BHV0010,ECO0010,0
CUST0011,ACC0011,20220104,72141.56,18,4737.27,FBK0011,BHV0011,ECO0011,0
CUST0012,ACC0012,20220518,44595.56,15,1951.31,FBK0012,BHV0012,ECO0012,0
CUST0013,ACC0013,20220628,15103.85,19,4373.06,FBK0013,BHV0013,ECO0013,0
CUST0014,ACC0014,20220825,64423.25,6,2029.23,FBK0014,BHV0014,ECO0014,0
CUST0015,ACC0015,20220118,77522.71,15,979.52,FBK0015,BHV0015,ECO0015,0
CUST0016,ACC0016,20221030,64172.84,7,116.89,FBK0016,BHV0016,ECO0016,0
CUST0017,ACC0017,20220109,59217.42,12,1717.89,FBK0017,BHV0017,ECO0017,0
CUST0018,ACC0018,20220129,23711.79,16,1954.53,FBK0018,BHV0018,ECO0018,1
CUST0019,ACC0019,20220524,64868.57,9,4731.08,FBK0019,BHV0019,ECO0019,0
CUST0020,ACC0020,20221214,34150.77,5,1109.74,FBK0020,BHV0020,ECO0020,1
CUST0021,ACC0021,20220529,92036.33,11,1972.93,FBK0021,BHV0021,ECO0021,0
CUST0022,ACC0022,20220305,65718.29,2,223.26,FBK0022,BHV0022,ECO0022,0
CUST0023,ACC0023,20220706,28539.79,16,3841.34,FBK0023,BHV0023,ECO0023,0
CUST0024,ACC0024,20220815,47819.76,4,4584.19,FBK0024,BHV0024,ECO0024,0
CUST0025,ACC0025,20220428,84811.55,5,1265.32,FBK0025,BHV0025,ECO0025,0
CUST0026,ACC0026,20221222,34210.93,7,2202.08,FBK0026,BHV0026,ECO0026,0
CUST0027,ACC0027,20220911,53018.62,6,698.35,FBK0027,BHV0027,ECO0027,0
CUST0028,ACC0028,20220131,68287.33,10,2338.49,FBK0028,BHV0028,ECO0028,0
CUST0029,ACC0029,20220610,75698.4,14,753.38,FBK0029,BHV0029,ECO0029,0
CUST0030,ACC0030,20220803,18215.33,8,2664.41,FBK0030,BHV0030,ECO0030,0
CUST0031,ACC0031,20220618,56950.08,14,3699.65,FBK0031,BHV0031,ECO0031,0
CUST0032,ACC0032,20220322,91307.79,14,2811.38,FBK0032,BHV0032,ECO0032,0
CUST0033,ACC0033,20220215,96867.62,3,1301.58,FBK0033,BHV0033,ECO0033,0
CUST0034,ACC0034,20220218,65958.36,1,1833.6,FBK0034,BHV0034,ECO0034,0
CUST0035,ACC0035,20221025,98382.42,9,3229.01,FBK0035,BHV0035,ECO0035,0
CUST0036,ACC0036,20221010,57502.79,9,2989.8,FBK0036,BHV0036,ECO0036,0
CUST0037,ACC0037,20220329,44817.9,2,770.2,FBK0037,BHV0037,ECO0037,0
CUST0038,ACC0038,20220501,55607.16,16,4240.25,FBK0038,BHV0038,ECO0038,0
CUST0039,ACC0039,20220103,12455.53,8,2428.43,FBK0039,BHV0039,ECO0039,0
CUST0040,ACC0040,20221112,40769.88,6,895.61,FBK0040,BHV0040,ECO0040,0
CUST0041,ACC0041,20220815,46382.1,13,701.85,FBK0041,BHV0041,ECO0041,0
CUST0042,ACC0042,20220320,85014.15,1,4831.2,FBK0042,BHV0042,ECO0042,0
CUST0043,ACC0043,20220525,76106.21,19,1479.52,FBK0043,BHV0043,ECO0043,0
CUST0044,ACC0044,20220830,60541.23,15,4552.11,FBK0044,BHV0044,ECO0044,0
CUST0045,ACC0045,20220201,35380.45,1,2111.87,FBK0045,BHV0045,ECO0045,0
CUST0046,ACC0046,20220920,19516.42,10,1991.02,FBK0046,BHV0046,ECO0046,0
CUST0047,ACC0047,20220730,35428.74,1,3534.55,FBK0047,BHV0047,ECO0047,1
CUST0048,ACC0048,20220312,68300.6,12,148.43,FBK0048,BHV0048,ECO0048,0
CUST0049,ACC0049,20220716,27040.74,11,1756.64,FBK0049,BHV0049,ECO0049,0
CUST0050,ACC0050,20220227,43261.78,17,1582.96,FBK0050,BHV0050,ECO0050,0
CUST0051,ACC0051,20220422,39290.25,4,4353.68,FBK0051,BHV0051,ECO0051,0
CUST0052,ACC0052,20220217,76793.42,7,2692.71,FBK0052,BHV0052,ECO0052,0
CUST0053,ACC0053,20220704,88494.92,12,1886.39,FBK0053,BHV0053,ECO0053,0
CUST0054,ACC0054,20221123,70237.72,13,1403.79,FBK0054,BHV0054,ECO0054,1
CUST0055,ACC0055,20220614,34818.62,5,2993.5,FBK0055,BHV0055,ECO0055,0
CUST0056,ACC0056,20220803,43884.53,6,843.2,FBK0056,BHV0056,ECO0056,0
CUST0057,ACC0057,20221127,15191.67,2,1306.4,FBK0057,BHV0057,ECO0057,0
CUST0058,ACC0058,20221126,17641.65,7,1538.7,FBK0058,BHV0058,ECO0058,0
CUST0059,ACC0059,20220501,17264.96,14,3078.75,FBK0059,BHV0059,ECO0059,0
CUST0060,ACC0060,20220801,13928.05,14,1928.95,FBK0060,BHV0060,ECO0060,0
CUST0061,ACC0061,20221107,18778.54,10,2578.34,FBK0061,BHV0061,ECO0061,0
CUST0062,ACC0062,20220210,21066.13,4,3287.15,FBK0062,BHV0062,ECO0062,0
CUST0063,ACC0063,20221219,12072.75,3,4785.73,FBK0063,BHV0063,ECO0063,0
CUST0064,ACC0064,20221016,64385.81,14,3847.7,FBK0064,BHV0064,ECO0064,1
CUST0065,ACC0065,20220617,99049.75,6,2085.76,FBK0065,BHV0065,ECO0065,0
CUST0066,ACC0066,20220203,88039.49,15,3766.55,FBK0066,BHV0066,ECO0066,0
CUST0067,ACC0067,20221114,5514.67,8,4753.5,FBK0067,BHV0067,ECO0067,0
CUST0068,ACC0068,20221002,42882.82,5,2546.96,FBK0068,BHV0068,ECO0068,0
CUST0069,ACC0069,20220716,86071.75,3,2111.43,FBK0069,BHV0069,ECO0069,1
CUST0070,ACC0070,20220710,14332.81,3,482.29,FBK0070,BHV0070,ECO0070,0
CUST0071,ACC0071,20220809,84916.87,13,4472.61,FBK0071,BHV0071,ECO0071,0
CUST0072,ACC0072,20220110,59677.36,2,1307.53,FBK0072,BHV0072,ECO0072,0
CUST0073,ACC0073,20220430,93198.56,1,413.39,FBK0073,BHV0073,ECO0073,0
CUST0074,ACC0074,20220503,87727.87,12,2732.3,FBK0074,BHV0074,ECO0074,0
CUST0075,ACC0075,20220904,68026.4,8,4244.91,FBK0075,BHV0075,ECO0075,0
CUST0076,ACC0076,20221226,66124.44,19,2092.51,FBK0076,BHV0076,ECO0076,0
CUST0077,ACC0077,20220809,22103.26,9,3937.03,FBK0077,BHV0077,ECO0077,0
CUST0078,ACC0078,20220918,12558.54,14,4198.34,FBK0078,BHV0078,ECO0078,0
CUST0079,ACC0079,20220227,42123.95,18,2326.58,FBK0079,BHV0079,ECO0079,1
CUST0080,ACC0080,20221111,19471.42,10,2995.68,FBK0080,BHV0080,ECO0080,1
CUST0081,ACC0081,20220508,11139.26,9,2716.17,FBK0081,BHV0081,ECO0081,0
CUST0082,ACC0082,20220706,30930.35,6,4702.06,FBK0082,BHV0082,ECO0082,1
CUST0083,ACC0083,20220724,86188.5,1,3654.98,FBK0083,BHV0083,ECO0083,0
CUST0084,ACC0084,20220327,2697.67,5,4634.18,FBK0084,BHV0084,ECO0084,0
CUST0085,ACC0085,20220414,29971.13,10,1178.05,FBK0085,BHV0085,ECO0085,1
CUST0086,ACC0086,20220523,42981.17,13,1620.16,FBK0086,BHV0086,ECO0086,0
CUST0087,ACC0087,20220724,51546.41,4,447.48,FBK0087,BHV0087,ECO0087,0
CUST0088,ACC0088,20220509,18976.17,1,2549.55,FBK0088,BHV0088,ECO0088,1
CUST0089,ACC0089,20220903,96457.8,2,4382.23,FBK0089,BHV0089,ECO0089,0
CUST0090,ACC0090,20220207,58308.43,4,1701.55,FBK0090,BHV0090,ECO0090,0
CUST0091,ACC0091,20221229,52688.94,17,728.58,FBK0091,BHV0091,ECO0091,0
CUST0092,ACC0092,20220419,1873.44,10,435.39,FBK0092,BHV0092,ECO0092,0
CUST0093,ACC0093,20221105,49085.82,12,2292.75,FBK0093,BHV0093,ECO0093,0
CUST0094,ACC0094,20220221,83929.39,2,903.71,FBK0094,BHV0094,ECO0094,0
CUST0095,ACC0095,20220101,22744.81,3,1795.91,FBK0095,BHV0095,ECO0095,0
CUST0096,ACC0096,20220111,35769.55,14,4117.9,FBK0096,BHV0096,ECO0096,0
CUST0097,ACC0097,20221110,3036.58,15,1981.83,FBK0097,BHV0097,ECO0097,0
CUST0098,ACC0098,20220823,97715.82,13,3088.37,FBK0098,BHV0098,ECO0098,0
CUST0099,ACC0099,20220508,7598.53,9,2560.58,FBK0099,BHV0099,ECO0099,0
CUST0100,ACC0100,20220802,89923.89,2,3620.81,FBK0100,BHV0100,ECO0100,0
CUST0101,ACC0101,20220831,31985.78,19,865.21,FBK0101,BHV0101,ECO0101,0
CUST0102,ACC0102,20220213,59168.08,16,4610.16,FBK0102,BHV0102,ECO0102,1
CUST0103,ACC0103,20220106,68252.24,11,3253.8,FBK0103,BHV0103,ECO0103,0
CUST0104,ACC0104,20220605,14942.09,12,1427.67,FBK0104,BHV0104,ECO0104,1
CUST0105,ACC0105,20220108,44932.18,1,703.94,FBK0105,BHV0105,ECO0105,0
CUST0106,ACC0106,20220105,33221.14,2,833.66,FBK0106,BHV0106,ECO0106,0
CUST0107,ACC0107,20221228,6603.64,16,3935.05,FBK0107,BHV0107,ECO0107,0
CUST0108,ACC0108,20220701,83486.17,2,2981.74,FBK0108,BHV0108,ECO0108,0
CUST0109,ACC0109,20220422,5471.61,19,1965.72,FBK0109,BHV0109,ECO0109,0
CUST0110,ACC0110,20220930,65672.54,10,1731.21,FBK0110,BHV0110,ECO0110,0
CUST0111,ACC0111,20220922,32093.66,19,4293.21,FBK0111,BHV0111,ECO0111,0
CUST0112,ACC0112,20220731,20020.8,10,4386.34,FBK0112,BHV0112,ECO0112,0
CUST0113,ACC0113,20220319,67041.52,16,2948.18,FBK0113,BHV0113,ECO0113,1
CUST0114,ACC0114,20220927,57879.23,13,2670.27,FBK0114,BHV0114,ECO0114,0
CUST0115,ACC0115,20220603,32210.37,16,4100.6,FBK0115,BHV0115,ECO0115,1
CUST0116,ACC0116,20220809,51783.11,18,3771.74,FBK0116,BHV0116,ECO0116,0
CUST0117,ACC0117,20221213,25377.47,8,2061.59,FBK0117,BHV0117,ECO0117,0
CUST0118,ACC0118,20220125,86505.95,18,505.42,FBK0118,BHV0118,ECO0118,0
CUST0119,ACC0119,20221220,32068.06,13,3865.65,FBK0119,BHV0119,ECO0119,1
CUST0120,ACC0120,20220727,25270.15,7,926.64,FBK0120,BHV0120,ECO0120,0
CUST0121,ACC0121,20220103,75431.54,18,180.25,FBK0121,BHV0121,ECO0121,0
CUST0122,ACC0122,20220803,2741.66,6,4232.18,FBK0122,BHV0122,ECO0122,0
CUST0123,ACC0123,20220422,27533.16,9,2933.44,FBK0123,BHV0123,ECO0123,0
CUST0124,ACC0124,20220711,38164.13,6,4469.16,FBK0124,BHV0124,ECO0124,0
CUST0125,ACC0125,20220216,88341.56,18,2474.48,FBK0125,BHV0125,ECO0125,0
CUST0126,ACC0126,20220809,95093.74,17,4639.76,FBK0126,BHV0126,ECO0126,0
CUST0127,ACC0127,20220706,71931.32,12,1834.46,FBK0127,BHV0127,ECO0127,0
CUST0128,ACC0128,20220219,49760.65,3,3650.16,FBK0128,BHV0128,ECO0128,1
CUST0129,ACC0129,20220716,64421.53,5,1574.83,FBK0129,BHV0129,ECO0129,0
CUST0130,ACC0130,20220804,41986.1,7,105.7,FBK0130,BHV0130,ECO0130,0
CUST0131,ACC0131,20220809,30583.76,10,1960.75,FBK0131,BHV0131,ECO0131,1
CUST0132,ACC0132,20220331,95118.12,10,3715.05,FBK0132,BHV0132,ECO0132,0
CUST0133,ACC0133,20220820,12423.63,19,835.12,FBK0133,BHV0133,ECO0133,0
CUST0134,ACC0134,20221119,35292.96,4,2573.53,FBK0134,BHV0134,ECO0134,1
CUST0135,ACC0135,20220915,90009.81,10,1140.38,FBK0135,BHV0135,ECO0135,0
CUST0136,ACC0136,20220602,72591.0,18,465.66,FBK0136,BHV0136,ECO0136,0
CUST0137,ACC0137,20220913,3881.04,3,3125.51,FBK0137,BHV0137,ECO0137,0
CUST0138,ACC0138,20220915,3286.87,3,4764.64,FBK0138,BHV0138,ECO0138,0
CUST0139,ACC0139,20220306,52134.73,5,1622.45,FBK0139,BHV0139,ECO0139,0
CUST0140,ACC0140,20220709,48941.05,16,2945.16,FBK0140,BHV0140,ECO0140,0
CUST0141,ACC0141,20220401,44856.16,13,4772.66,FBK0141,BHV0141,ECO0141,0
CUST0142,ACC0142,20220622,30932.03,11,3287.37,FBK0142,BHV0142,ECO0142,1
CUST0143,ACC0143,20220904,98677.23,13,3398.26,FBK0143,BHV0143,ECO0143,0
CUST0144,ACC0144,20220913,27926.74,19,976.75,FBK0144,BHV0144,ECO0144,0
CUST0145,ACC0145,20220426,49513.98,6,2513.79,FBK0145,BHV0145,ECO0145,0
CUST0146,ACC0146,20220218,41084.42,13,1898.71,FBK0146,BHV0146,ECO0146,1
CUST0147,ACC0147,20220815,17854.69,4,2407.69,FBK0147,BHV0147,ECO0147,1
CUST0148,ACC0148,20220310,21059.26,5,4024.05,FBK0148,BHV0148,ECO0148,1
CUST0149,ACC0149,20220506,91911.97,19,2357.43,FBK0149,BHV0149,ECO0149,1
CUST0150,ACC0150,20220801,85969.69,5,407.97,FBK0150,BHV0150,ECO0150,0
CUST0151,ACC0151,20220222,20705.39,14,4537.15,FBK0151,BHV0151,ECO0151,0
CUST0152,ACC0152,20220422,87690.6,4,2769.6,FBK0152,BHV0152,ECO0152,0
CUST0153,ACC0153,20220608,21709.43,12,4630.02,FBK0153,BHV0153,ECO0153,0
CUST0154,ACC0154,20220828,63028.09,6,2904.54,FBK0154,BHV0154,ECO0154,0
CUST0155,ACC0155,20220530,9046.77,19,441.22,FBK0155,BHV0155,ECO0155,0
CUST0156,ACC0156,20220519,88156.59,10,2809.06,FBK0156,BHV0156,ECO0156,0
CUST0157,ACC0157,20220423,6098.53,1,2921.12,FBK0157,BHV0157,ECO0157,1
CUST0158,ACC0158,20220523,55939.35,16,1150.27,FBK0158,BHV0158,ECO0158,0
CUST0159,ACC0159,20220518,78191.44,4,2408.04,FBK0159,BHV0159,ECO0159,0
CUST0160,ACC0160,20221031,12566.64,9,2351.26,FBK0160,BHV0160,ECO0160,0
CUST0161,ACC0161,20220131,41043.55,18,3152.09,FBK0161,BHV0161,ECO0161,0
CUST0162,ACC0162,20221020,5153.06,17,1372.11,FBK0162,BHV0162,ECO0162,0
CUST0163,ACC0163,20220418,68592.51,15,2950.57,FBK0163,BHV0163,ECO0163,0
CUST0164,ACC0164,20221011,31437.51,19,1280.67,FBK0164,BHV0164,ECO0164,0
CUST0165,ACC0165,20220608,56380.13,7,2287.58,FBK0165,BHV0165,ECO0165,0
CUST0166,ACC0166,20221122,93340.49,18,701.26,FBK0166,BHV0166,ECO0166,0
CUST0167,ACC0167,20220114,31279.95,6,282.77,FBK0167,BHV0167,ECO0167,0
CUST0168,ACC0168,20220502,5814.12,19,1670.88,FBK0168,BHV0168,ECO0168,0
CUST0169,ACC0169,20220803,67887.15,12,1445.4,FBK0169,BHV0169,ECO0169,0
CUST0170,ACC0170,20220929,78897.27,3,2093.99,FBK0170,BHV0170,ECO0170,0
CUST0171,ACC0171,20220125,95828.99,1,4813.71,FBK0171,BHV0171,ECO0171,0
CUST0172,ACC0172,20221118,16622.29,5,2658.92,FBK0172,BHV0172,ECO0172,0
CUST0173,ACC0173,20221021,39821.85,1,2810.57,FBK0173,BHV0173,ECO0173,0
CUST0174,ACC0174,20220618,84569.91,8,4713.85,FBK0174,BHV0174,ECO0174,1
CUST0175,ACC0175,20220413,80880.27,7,4613.62,FBK0175,BHV0175,ECO0175,1
CUST0176,ACC0176,20221220,62854.78,15,4432.15,FBK0176,BHV0176,ECO0176,0
CUST0177,ACC0177,20220209,27667.49,11,580.17,FBK0177,BHV0177,ECO0177,0
CUST0178,ACC0178,20220823,29119.49,18,3208.06,FBK0178,BHV0178,ECO0178,0
CUST0179,ACC0179,20221116,13276.3,14,4059.69,FBK0179,BHV0179,ECO0179,0
CUST0180,ACC0180,20220330,92263.51,9,4194.32,FBK0180,BHV0180,ECO0180,0
CUST0181,ACC0181,20220410,18120.22,5,2931.74,FBK0181,BHV0181,ECO0181,0
CUST0182,ACC0182,20220524,57715.77,4,185.73,FBK0182,BHV0182,ECO0182,0
CUST0183,ACC0183,20220323,58850.79,12,4871.19,FBK0183,BHV0183,ECO0183,0
CUST0184,ACC0184,20220318,37590.94,1,2413.76,FBK0184,BHV0184,ECO0184,1
CUST0185,ACC0185,20220228,35899.33,13,2028.62,FBK0185,BHV0185,ECO0185,0
CUST0186,ACC0186,20220817,67190.25,1,2035.25,FBK0186,BHV0186,ECO0186,0
CUST0187,ACC0187,20220401,39441.48,3,2178.34,FBK0187,BHV0187,ECO0187,0
CUST0188,ACC0188,20221220,26256.42,8,1286.69,FBK0188,BHV0188,ECO0188,0
CUST0189,ACC0189,20220101,40514.04,18,1703.93,FBK0189,BHV0189,ECO0189,0
CUST0190,ACC0190,20220926,80958.55,16,4928.25,FBK0190,BHV0190,ECO0190,0
CUST0191,ACC0191,20221013,96681.37,16,1904.02,FBK0191,BHV0191,ECO0191,0
CUST0192,ACC0192,20220716,63959.07,2,2680.95,FBK0192,BHV0192,ECO0192,0
CUST0193,ACC0193,20221001,78428.02,17,4256.64,FBK0193,BHV0193,ECO0193,0
CUST0194,ACC0194,20220319,53749.66,10,2684.4,FBK0194,BHV0194,ECO0194,0
CUST0195,ACC0195,20220521,62857.49,7,1689.82,FBK0195,BHV0195,ECO0195,0
CUST0196,ACC0196,20221015,98820.58,10,2666.38,FBK0196,BHV0196,ECO0196,0
CUST0197,ACC0197,20220312,44403.47,19,659.02,FBK0197,BHV0197,ECO0197,0
CUST0198,ACC0198,20220219,7559.21,9,737.03,FBK0198,BHV0198,ECO0198,0
CUST0199,ACC0199,20220321,95743.68,17,3501.13,FBK0199,BHV0199,ECO0199,0
CUST0200,ACC0200,20220823,79513.11,9,4595.56,FBK0200,BHV0200,ECO0200,0
CUST0201,ACC0201,20221014,40432.73,9,3655.82,FBK0201,BHV0201,ECO0201,0
CUST0202,ACC0202,20221103,98257.11,5,465.6,FBK0202,BHV0202,ECO0202,0
CUST0203,ACC0203,20220604,35208.04,7,2074.19,FBK0203,BHV0203,ECO0203,0
CUST0204,ACC0204,20220301,37839.9,11,112.51,FBK0204,BHV0204,ECO0204,1
CUST0205,ACC0205,20220202,61363.4,8,2604.91,FBK0205,BHV0205,ECO0205,0
CUST0206,ACC0206,20220507,28160.39,14,1046.7,FBK0206,BHV0206,ECO0206,0
CUST0207,ACC0207,20220809,70158.58,2,4353.92,FBK0207,BHV0207,ECO0207,0
CUST0208,ACC0208,20220719,16132.18,10,611.24,FBK0208,BHV0208,ECO0208,1
CUST0209,ACC0209,20220506,11694.51,16,107.02,FBK0209,BHV0209,ECO0209,1
CUST0210,ACC0210,20220210,53952.92,16,2310.62,FBK0210,BHV0210,ECO0210,0
CUST0211,ACC0211,20221002,55993.87,19,861.62,FBK0211,BHV0211,ECO0211,0
CUST0212,ACC0212,20221024,11558.85,11,3716.13,FBK0212,BHV0212,ECO0212,1
CUST0213,ACC0213,20220326,96453.45,6,4607.68,FBK0213,BHV0213,ECO0213,0
CUST0214,ACC0214,20220330,57755.38,6,305.5,FBK0214,BHV0214,ECO0214,1
CUST0215,ACC0215,20220211,15952.46,7,2038.35,FBK0215,BHV0215,ECO0215,0
CUST0216,ACC0216,20220430,31832.81,16,4984.39,FBK0216,BHV0216,ECO0216,1
CUST0217,ACC0217,20221006,80223.19,13,3690.09,FBK0217,BHV0217,ECO0217,1
CUST0218,ACC0218,20220202,52799.92,3,4770.62,FBK0218,BHV0218,ECO0218,0
CUST0219,ACC0219,20221003,19626.69,9,904.01,FBK0219,BHV0219,ECO0219,0
CUST0220,ACC0220,20220602,11182.05,3,1184.71,FBK0220,BHV0220,ECO0220,0
CUST0221,ACC0221,20220331,43646.67,6,858.58,FBK0221,BHV0221,ECO0221,0
CUST0222,ACC0222,20220414,34404.06,17,1581.61,FBK0222,BHV0222,ECO0222,0
CUST0223,ACC0223,20220112,65935.82,3,3649.48,FBK0223,BHV0223,ECO0223,0
CUST0224,ACC0224,20220609,92599.45,2,908.24,FBK0224,BHV0224,ECO0224,0
CUST0225,ACC0225,20220715,25525.3,12,2668.75,FBK0225,BHV0225,ECO0225,1
CUST0226,ACC0226,20221103,85668.16,6,1419.13,FBK0226,BHV0226,ECO0226,0
CUST0227,ACC0227,20220919,92125.74,10,4163.06,FBK0227,BHV0227,ECO0227,0
CUST0228,ACC0228,20220401,90298.26,11,132.3,FBK0228,BHV0228,ECO0228,1
CUST0229,ACC0229,20220716,95255.66,16,1193.26,FBK0229,BHV0229,ECO0229,1
CUST0230,ACC0230,20220310,84368.75,16,3065.68,FBK0230,BHV0230,ECO0230,0
CUST0231,ACC0231,20220808,59755.11,18,573.88,FBK0231,BHV0231,ECO0231,0
CUST0232,ACC0232,20220802,41574.76,9,2384.93,FBK0232,BHV0232,ECO0232,1
CUST0233,ACC0233,20220526,49677.09,19,2237.42,FBK0233,BHV0233,ECO0233,0
CUST0234,ACC0234,20220821,87388.61,2,4277.36,FBK0234,BHV0234,ECO0234,1
CUST0235,ACC0235,20220822,30838.44,1,3164.45,FBK0235,BHV0235,ECO0235,1
CUST0236,ACC0236,20220802,16766.91,16,3234.54,FBK0236,BHV0236,ECO0236,1
CUST0237,ACC0237,20220302,14941.1,18,4763.86,FBK0237,BHV0237,ECO0237,0
CUST0238,ACC0238,20221229,82872.47,3,4913.57,FBK0238,BHV0238,ECO0238,1
CUST0239,ACC0239,20220319,76387.08,1,3301.63,FBK0239,BHV0239,ECO0239,0
CUST0240,ACC0240,20220405,50266.89,6,2657.81,FBK0240,BHV0240,ECO0240,0
CUST0241,ACC0241,20221126,28212.27,19,3078.81,FBK0241,BHV0241,ECO0241,1
CUST0242,ACC0242,20220804,68083.7,19,1973.97,FBK0242,BHV0242,ECO0242,0
CUST0243,ACC0243,20220801,4804.88,11,4938.54,FBK0243,BHV0243,ECO0243,0
CUST0244,ACC0244,20221031,57254.55,8,3554.6,FBK0244,BHV0244,ECO0244,1
CUST0245,ACC0245,20220719,40444.09,5,1525.93,FBK0245,BHV0245,ECO0245,1
CUST0246,ACC0246,20221218,97808.1,9,383.05,FBK0246,BHV0246,ECO0246,1
CUST0247,ACC0247,20220131,51248.46,15,319.14,FBK0247,BHV0247,ECO0247,0
CUST0248,ACC0248,20221017,55674.51,14,1104.07,FBK0248,BHV0248,ECO0248,0
CUST0249,ACC0249,20221209,71523.9,4,1241.27,FBK0249,BHV0249,ECO0249,0
CUST0250,ACC0250,20220515,48969.31,8,2133.72,FBK0250,BHV0250,ECO0250,0
CUST0251,ACC0251,20220324,23232.29,17,1152.75,FBK0251,BHV0251,ECO0251,0
CUST0252,ACC0252,20220216,54190.51,2,3191.46,FBK0252,BHV0252,ECO0252,0
CUST0253,ACC0253,20220725,94482.62,16,1135.15,FBK0253,BHV0253,ECO0253,0
CUST0254,ACC0254,20220318,41581.19,10,1020.6,FBK0254,BHV0254,ECO0254,1
CUST0255,ACC0255,20220916,68284.45,2,2409.06,FBK0255,BHV0255,ECO0255,0
CUST0256,ACC0256,20220402,97825.38,11,4454.48,FBK0256,BHV0256,ECO0256,0
CUST0257,ACC0257,20220410,83162.31,10,2394.7,FBK0257,BHV0257,ECO0257,0
CUST0258,ACC0258,20220714,66244.38,19,2127.86,FBK0258,BHV0258,ECO0258,0
CUST0259,ACC0259,20220711,73863.65,14,2932.67,FBK0259,BHV0259,ECO0259,0
CUST0260,ACC0260,20220309,93711.84,11,1360.35,FBK0260,BHV0260,ECO0260,0
CUST0261,ACC0261,20220830,96015.46,9,1831.84,FBK0261,BHV0261,ECO0261,0
CUST0262,ACC0262,20220331,96927.84,7,1147.79,FBK0262,BHV0262,ECO0262,1
CUST0263,ACC0263,20221211,62938.52,15,2901.87,FBK0263,BHV0263,ECO0263,0
CUST0264,ACC0264,20220110,39086.45,17,3517.2,FBK0264,BHV0264,ECO0264,0
CUST0265,ACC0265,20220921,14182.16,3,3401.12,FBK0265,BHV0265,ECO0265,0
CUST0266,ACC0266,20220925,39169.25,15,1348.61,FBK0266,BHV0266,ECO0266,1
CUST0267,ACC0267,20221116,94352.59,14,3920.28,FBK0267,BHV0267,ECO0267,0
CUST0268,ACC0268,20220428,89089.91,8,1354.17,FBK0268,BHV0268,ECO0268,1
CUST0269,ACC0269,20220907,52842.31,4,836.53,FBK0269,BHV0269,ECO0269,1
CUST0270,ACC0270,20220228,54163.72,10,1814.06,FBK0270,BHV0270,ECO0270,0
CUST0271,ACC0271,20220714,31583.11,2,3028.95,FBK0271,BHV0271,ECO0271,0
CUST0272,ACC0272,20220219,45996.28,14,795.81,FBK0272,BHV0272,ECO0272,0
CUST0273,ACC0273,20221023,71730.4,8,3275.63,FBK0273,BHV0273,ECO0273,1
CUST0274,ACC0274,20220407,40840.64,10,4329.03,FBK0274,BHV0274,ECO0274,0
CUST0275,ACC0275,20220507,19610.4,18,1536.39,FBK0275,BHV0275,ECO0275,0
CUST0276,ACC0276,20220903,54545.1,15,2306.01,FBK0276,BHV0276,ECO0276,0
CUST0277,ACC0277,20220328,23308.35,5,1218.72,FBK0277,BHV0277,ECO0277,0
CUST0278,ACC0278,20220318,97454.47,13,1870.18,FBK0278,BHV0278,ECO0278,0
CUST0279,ACC0279,20220723,39643.65,18,207.66,FBK0279,BHV0279,ECO0279,0
CUST0280,ACC0280,20220526,91056.83,2,4773.47,FBK0280,BHV0280,ECO0280,0
CUST0281,ACC0281,20220529,23329.85,13,2137.86,FBK0281,BHV0281,ECO0281,0
CUST0282,ACC0282,20220421,19731.69,14,3965.46,FBK0282,BHV0282,ECO0282,0
CUST0283,ACC0283,20220509,62073.21,10,798.95,FBK0283,BHV0283,ECO0283,0
CUST0284,ACC0284,20220910,78158.53,4,4080.54,FBK0284,BHV0284,ECO0284,0
CUST0285,ACC0285,20220615,57109.69,15,4314.72,FBK0285,BHV0285,ECO0285,1
CUST0286,ACC0286,20221024,23749.77,8,3605.84,FBK0286,BHV0286,ECO0286,0
CUST0287,ACC0287,20220517,4751.54,15,4525.72,FBK0287,BHV0287,ECO0287,0
CUST0288,ACC0288,20221006,62210.59,14,919.27,FBK0288,BHV0288,ECO0288,0
CUST0289,ACC0289,20221130,13972.69,9,2434.76,FBK0289,BHV0289,ECO0289,0
CUST0290,ACC0290,20220111,34974.46,3,3138.54,FBK0290,BHV0290,ECO0290,0
CUST0291,ACC0291,20220312,67902.69,15,3021.35,FBK0291,BHV0291,ECO0291,0
CUST0292,ACC0292,20220608,10704.32,17,4319.1,FBK0292,BHV0292,ECO0292,0
CUST0293,ACC0293,20220804,13597.9,16,1156.89,FBK0293,BHV0293,ECO0293,1
CUST0294,ACC0294,20220126,7104.95,4,960.65,FBK0294,BHV0294,ECO0294,0
CUST0295,ACC0295,20221013,99611.83,11,1341.56,FBK0295,BHV0295,ECO0295,0
CUST0296,ACC0296,20220611,39320.6,8,4468.6,FBK0296,BHV0296,ECO0296,1
CUST0297,ACC0297,20220412,90673.72,3,4711.03,FBK0297,BHV0297,ECO0297,0
CUST0298,ACC0298,20220310,30064.98,19,2891.19,FBK0298,BHV0298,ECO0298,0
CUST0299,ACC0299,20220513,75567.05,14,2556.72,FBK0299,BHV0299,ECO0299,0
CUST0300,ACC0300,20220708,22687.6,9,3066.39,FBK0300,BHV0300,ECO0300,0
CUST0301,ACC0301,20220730,50334.15,3,3119.91,FBK0301,BHV0301,ECO0301,0
CUST0302,ACC0302,20220831,82636.96,4,934.49,FBK0302,BHV0302,ECO0302,1
CUST0303,ACC0303,20220615,81817.11,4,3463.41,FBK0303,BHV0303,ECO0303,0
CUST0304,ACC0304,20220302,79633.79,11,2316.52,FBK0304,BHV0304,ECO0304,0
CUST0305,ACC0305,20221228,82549.71,19,2635.17,FBK0305,BHV0305,ECO0305,0
CUST0306,ACC0306,20221006,21935.76,16,248.55,FBK0306,BHV0306,ECO0306,0
CUST0307,ACC0307,20220423,48739.41,17,3846.33,FBK0307,BHV0307,ECO0307,1
CUST0308,ACC0308,20220130,49002.28,10,4193.6,FBK0308,BHV0308,ECO0308,0
CUST0309,ACC0309,20221119,89159.75,17,3135.17,FBK0309,BHV0309,ECO0309,1
CUST0310,ACC0310,20220610,30392.29,16,3768.75,FBK0310,BHV0310,ECO0310,0
CUST0311,ACC0311,20220822,93218.09,6,2661.26,FBK0311,BHV0311,ECO0311,1
CUST0312,ACC0312,20221205,45628.78,7,3129.93,FBK0312,BHV0312,ECO0312,0
CUST0313,ACC0313,20220619,67308.91,14,2033.4,FBK0313,BHV0313,ECO0313,1
CUST0314,ACC0314,20221114,27619.43,11,3980.18,FBK0314,BHV0314,ECO0314,0
CUST0315,ACC0315,20220705,41619.51,12,2394.53,FBK0315,BHV0315,ECO0315,0
CUST0316,ACC0316,20220226,71270.29,14,3433.04,FBK0316,BHV0316,ECO0316,0
CUST0317,ACC0317,20220828,51761.97,5,3145.0,FBK0317,BHV0317,ECO0317,0
CUST0318,ACC0318,20220914,93140.09,5,3541.34,FBK0318,BHV0318,ECO0318,1
CUST0319,ACC0319,20221224,73975.37,15,3947.56,FBK0319,BHV0319,ECO0319,0
CUST0320,ACC0320,20220720,56875.89,1,2612.3,FBK0320,BHV0320,ECO0320,1
CUST0321,ACC0321,20221121,88780.31,9,4084.02,FBK0321,BHV0321,ECO0321,0
CUST0322,ACC0322,20221111,66890.08,3,2536.56,FBK0322,BHV0322,ECO0322,0
CUST0323,ACC0323,20221029,65084.73,4,4787.51,FBK0323,BHV0323,ECO0323,1
CUST0324,ACC0324,20220416,25390.76,16,3788.09,FBK0324,BHV0324,ECO0324,0
CUST0325,ACC0325,20221017,40090.84,7,938.59,FBK0325,BHV0325,ECO0325,0
CUST0326,ACC0326,20220411,68647.06,14,4164.96,FBK0326,BHV0326,ECO0326,1
CUST0327,ACC0327,20220407,89287.38,16,2802.78,FBK0327,BHV0327,ECO0327,0
CUST0328,ACC0328,20220602,32239.2,18,4923.86,FBK0328,BHV0328,ECO0328,0
CUST0329,ACC0329,20220129,22333.08,16,3622.21,FBK0329,BHV0329,ECO0329,0
CUST0330,ACC0330,20220602,59775.9,16,513.51,FBK0330,BHV0330,ECO0330,1
CUST0331,ACC0331,20220314,7652.51,2,2035.31,FBK0331,BHV0331,ECO0331,1
CUST0332,ACC0332,20220911,71739.63,10,2634.65,FBK0332,BHV0332,ECO0332,1
CUST0333,ACC0333,20220104,70610.72,7,4211.17,FBK0333,BHV0333,ECO0333,0
CUST0334,ACC0334,20220825,36141.64,15,3673.79,FBK0334,BHV0334,ECO0334,0
CUST0335,ACC0335,20220207,89375.09,9,1909.86,FBK0335,BHV0335,ECO0335,0
CUST0336,ACC0336,20220120,50715.93,7,3301.82,FBK0336,BHV0336,ECO0336,0
CUST0337,ACC0337,20220423,64930.73,16,2926.86,FBK0337,BHV0337,ECO0337,0
CUST0338,ACC0338,20220123,21748.27,3,717.66,FBK0338,BHV0338,ECO0338,0
CUST0339,ACC0339,20220516,42316.69,17,1250.81,FBK0339,BHV0339,ECO0339,1
CUST0340,ACC0340,20220905,86379.34,8,1771.5,FBK0340,BHV0340,ECO0340,1
CUST0341,ACC0341,20221028,22081.02,2,1057.87,FBK0341,BHV0341,ECO0341,0
CUST0342,ACC0342,20220407,39666.86,3,835.66,FBK0342,BHV0342,ECO0342,1
CUST0343,ACC0343,20220202,32489.58,8,385.17,FBK0343,BHV0343,ECO0343,1
CUST0344,ACC0344,20220515,15959.91,2,4378.2,FBK0344,BHV0344,ECO0344,0
CUST0345,ACC0345,20220912,29682.07,19,1515.82,FBK0345,BHV0345,ECO0345,0
CUST0346,ACC0346,20221005,24044.46,17,1522.57,FBK0346,BHV0346,ECO0346,0
CUST0347,ACC0347,20220513,92435.77,5,1110.52,FBK0347,BHV0347,ECO0347,0
CUST0348,ACC0348,20220826,74366.8,17,2429.45,FBK0348,BHV0348,ECO0348,0
CUST0349,ACC0349,20220115,32294.06,10,2619.79,FBK0349,BHV0349,ECO0349,0
CUST0350,ACC0350,20221004,76570.57,9,1120.58,FBK0350,BHV0350,ECO0350,1
CUST0351,ACC0351,20220506,3191.86,6,3081.99,FBK0351,BHV0351,ECO0351,0
CUST0352,ACC0352,20221211,53125.95,11,3642.7,FBK0352,BHV0352,ECO0352,0
CUST0353,ACC0353,20220117,25783.12,2,1931.82,FBK0353,BHV0353,ECO0353,0
CUST0354,ACC0354,20221108,12317.89,12,2968.71,FBK0354,BHV0354,ECO0354,0
CUST0355,ACC0355,20220219,88492.09,12,2561.28,FBK0355,BHV0355,ECO0355,0
CUST0356,ACC0356,20220515,20734.71,16,1058.19,FBK0356,BHV0356,ECO0356,0
CUST0357,ACC0357,20220428,82416.72,12,3677.05,FBK0357,BHV0357,ECO0357,1
CUST0358,ACC0358,20221102,41909.05,18,4027.12,FBK0358,BHV0358,ECO0358,0
CUST0359,ACC0359,20220301,2414.79,13,3279.09,FBK0359,BHV0359,ECO0359,1
CUST0360,ACC0360,20220505,73520.75,15,1687.09,FBK0360,BHV0360,ECO0360,0
CUST0361,ACC0361,20220426,60039.62,16,4641.28,FBK0361,BHV0361,ECO0361,0
CUST0362,ACC0362,20220622,35073.02,4,2331.26,FBK0362,BHV0362,ECO0362,0
CUST0363,ACC0363,20220706,28873.05,12,1402.8,FBK0363,BHV0363,ECO0363,0
CUST0364,ACC0364,20220329,8295.43,17,2100.35,FBK0364,BHV0364,ECO0364,1
CUST0365,ACC0365,20220722,94201.13,1,3491.17,FBK0365,BHV0365,ECO0365,0
CUST0366,ACC0366,20221227,49904.5,18,4245.07,FBK0366,BHV0366,ECO0366,0
CUST0367,ACC0367,20221107,9466.93,16,1847.22,FBK0367,BHV0367,ECO0367,0
CUST0368,ACC0368,20221116,86999.29,1,1239.86,FBK0368,BHV0368,ECO0368,0
CUST0369,ACC0369,20220701,28604.48,10,3169.82,FBK0369,BHV0369,ECO0369,0
CUST0370,ACC0370,20221218,21156.67,19,4613.95,FBK0370,BHV0370,ECO0370,0
CUST0371,ACC0371,20220617,28812.81,16,998.14,FBK0371,BHV0371,ECO0371,0
CUST0372,ACC0372,20220630,56892.57,14,4034.79,FBK0372,BHV0372,ECO0372,0
CUST0373,ACC0373,20221027,8331.59,2,2435.38,FBK0373,BHV0373,ECO0373,1
CUST0374,ACC0374,20220510,48693.93,6,4017.61,FBK0374,BHV0374,ECO0374,0
CUST0375,ACC0375,20220529,89678.6,5,2577.15,FBK0375,BHV0375,ECO0375,0
CUST0376,ACC0376,20221102,19628.99,12,1948.91,FBK0376,BHV0376,ECO0376,0
CUST0377,ACC0377,20220728,33787.69,4,3514.03,FBK0377,BHV0377,ECO0377,0
CUST0378,ACC0378,20220421,40216.07,4,4513.07,FBK0378,BHV0378,ECO0378,0
CUST0379,ACC0379,20220517,59035.85,5,1669.23,FBK0379,BHV0379,ECO0379,0
CUST0380,ACC0380,20221221,92006.17,7,2357.67,FBK0380,BHV0380,ECO0380,0
CUST0381,ACC0381,20220730,40059.38,6,1224.06,FBK0381,BHV0381,ECO0381,0
CUST0382,ACC0382,20220526,7846.13,13,998.71,FBK0382,BHV0382,ECO0382,0
CUST0383,ACC0383,20220325,35447.14,4,3911.66,FBK0383,BHV0383,ECO0383,0
CUST0384,ACC0384,20220130,19818.46,13,1083.25,FBK0384,BHV0384,ECO0384,0
CUST0385,ACC0385,20220306,65525.67,4,3987.26,FBK0385,BHV0385,ECO0385,1
CUST0386,ACC0386,20220124,3896.95,10,2203.16,FBK0386,BHV0386,ECO0386,0
CUST0387,ACC0387,20220730,29901.07,1,4975.74,FBK0387,BHV0387,ECO0387,0
CUST0388,ACC0388,20220810,54972.18,8,1066.97,FBK0388,BHV0388,ECO0388,0
CUST0389,ACC0389,20220331,28456.09,7,555.59,FBK0389,BHV0389,ECO0389,0
CUST0390,ACC0390,20220416,55548.53,5,469.62,FBK0390,BHV0390,ECO0390,0
CUST0391,ACC0391,20220621,12356.52,3,4193.55,FBK0391,BHV0391,ECO0391,1
CUST0392,ACC0392,20220818,94337.74,15,2245.1,FBK0392,BHV0392,ECO0392,1
CUST0393,ACC0393,20220318,29799.77,17,115.31,FBK0393,BHV0393,ECO0393,0
CUST0394,ACC0394,20220309,92377.08,13,4386.38,FBK0394,BHV0394,ECO0394,0
CUST0395,ACC0395,20221231,33257.71,15,4396.91,FBK0395,BHV0395,ECO0395,0
CUST0396,ACC0396,20221219,78402.18,19,4051.44,FBK0396,BHV0396,ECO0396,0
CUST0397,ACC0397,20220402,25372.55,14,1316.76,FBK0397,BHV0397,ECO0397,1
CUST0398,ACC0398,20220329,67307.12,13,1926.49,FBK0398,BHV0398,ECO0398,1
CUST0399,ACC0399,20220219,33047.91,12,3750.14,FBK0399,BHV0399,ECO0399,0
CUST0400,ACC0400,20220413,51406.75,9,2497.83,FBK0400,BHV0400,ECO0400,0
CUST0401,ACC0401,20220215,67707.6,3,853.75,FBK0401,BHV0401,ECO0401,0
CUST0402,ACC0402,20220628,59299.37,11,1289.71,FBK0402,BHV0402,ECO0402,0
CUST0403,ACC0403,20220924,58051.78,10,4865.69,FBK0403,BHV0403,ECO0403,0
CUST0404,ACC0404,20220925,7502.4,1,839.96,FBK0404,BHV0404,ECO0404,0
CUST0405,ACC0405,20221116,25658.61,17,3657.8,FBK0405,BHV0405,ECO0405,0
CUST0406,ACC0406,20220108,57612.09,13,2442.29,FBK0406,BHV0406,ECO0406,0
CUST0407,ACC0407,20220922,2813.4,14,3768.15,FBK0407,BHV0407,ECO0407,0
CUST0408,ACC0408,20220319,25813.78,1,3339.45,FBK0408,BHV0408,ECO0408,1
CUST0409,ACC0409,20220828,23689.34,2,2251.92,FBK0409,BHV0409,ECO0409,1
CUST0410,ACC0410,20220915,25735.75,2,1834.16,FBK0410,BHV0410,ECO0410,0
CUST0411,ACC0411,20220715,54025.34,7,3796.36,FBK0411,BHV0411,ECO0411,0
CUST0412,ACC0412,20221126,58614.08,9,1683.39,FBK0412,BHV0412,ECO0412,0
CUST0413,ACC0413,20220511,90990.8,4,3960.08,FBK0413,BHV0413,ECO0413,1
CUST0414,ACC0414,20221209,39217.07,2,3431.23,FBK0414,BHV0414,ECO0414,0
CUST0415,ACC0415,20220918,92731.31,19,2930.58,FBK0415,BHV0415,ECO0415,1
CUST0416,ACC0416,20220830,65543.48,5,1907.12,FBK0416,BHV0416,ECO0416,0
CUST0417,ACC0417,20220620,91353.38,9,1104.9,FBK0417,BHV0417,ECO0417,0
CUST0418,ACC0418,20220527,83513.74,13,3581.06,FBK0418,BHV0418,ECO0418,0
CUST0419,ACC0419,20220927,69070.66,12,547.61,FBK0419,BHV0419,ECO0419,0
CUST0420,ACC0420,20220529,36254.48,19,4855.66,FBK0420,BHV0420,ECO0420,0
CUST0421,ACC0421,20221026,24869.93,9,4895.86,FBK0421,BHV0421,ECO0421,0
CUST0422,ACC0422,20220128,23016.75,10,738.09,FBK0422,BHV0422,ECO0422,1
CUST0423,ACC0423,20220529,95265.21,19,609.28,FBK0423,BHV0423,ECO0423,0
CUST0424,ACC0424,20221007,95898.81,10,2122.31,FBK0424,BHV0424,ECO0424,0
CUST0425,ACC0425,20220701,72758.31,12,4822.05,FBK0425,BHV0425,ECO0425,0
CUST0426,ACC0426,20220615,88495.8,14,2061.52,FBK0426,BHV0426,ECO0426,0
CUST0427,ACC0427,20220117,91980.62,8,1882.63,FBK0427,BHV0427,ECO0427,0
CUST0428,ACC0428,20220530,51644.06,16,3547.57,FBK0428,BHV0428,ECO0428,0
CUST0429,ACC0429,20221205,63276.91,17,975.78,FBK0429,BHV0429,ECO0429,1
CUST0430,ACC0430,20220214,42456.7,4,1880.29,FBK0430,BHV0430,ECO0430,0
CUST0431,ACC0431,20221126,42430.59,6,1527.41,FBK0431,BHV0431,ECO0431,1
CUST0432,ACC0432,20220708,4804.46,12,3047.52,FBK0432,BHV0432,ECO0432,0
CUST0433,ACC0433,20220519,43948.32,18,897.49,FBK0433,BHV0433,ECO0433,1
CUST0434,ACC0434,20220302,67675.49,7,2788.64,FBK0434,BHV0434,ECO0434,0
CUST0435,ACC0435,20221021,42776.23,5,4301.98,FBK0435,BHV0435,ECO0435,0
CUST0436,ACC0436,20221118,87368.56,10,2619.44,FBK0436,BHV0436,ECO0436,0
CUST0437,ACC0437,20220202,33923.73,6,3449.13,FBK0437,BHV0437,ECO0437,1
CUST0438,ACC0438,20221026,14135.52,14,468.72,FBK0438,BHV0438,ECO0438,0
CUST0439,ACC0439,20220422,81344.31,6,2300.13,FBK0439,BHV0439,ECO0439,1
CUST0440,ACC0440,20221018,67720.84,14,564.98,FBK0440,BHV0440,ECO0440,0
CUST0441,ACC0441,20220206,24940.13,12,3037.36,FBK0441,BHV0441,ECO0441,0
CUST0442,ACC0442,20220410,54108.67,12,1477.17,FBK0442,BHV0442,ECO0442,0
CUST0443,ACC0443,20220123,40783.38,8,1507.6,FBK0443,BHV0443,ECO0443,0
CUST0444,ACC0444,20220806,93947.12,10,476.16,FBK0444,BHV0444,ECO0444,1
CUST0445,ACC0445,20220330,61125.88,16,1620.17,FBK0445,BHV0445,ECO0445,0
CUST0446,ACC0446,20220728,16680.54,8,2582.72,FBK0446,BHV0446,ECO0446,0
CUST0447,ACC0447,20220928,50712.7,9,2964.83,FBK0447,BHV0447,ECO0447,0
CUST0448,ACC0448,20220825,86393.13,13,426.66,FBK0448,BHV0448,ECO0448,0
CUST0449,ACC0449,20220728,67478.17,17,3292.15,FBK0449,BHV0449,ECO0449,0
CUST0450,ACC0450,20221005,84402.76,19,2495.49,FBK0450,BHV0450,ECO0450,0
CUST0451,ACC0451,20220725,25789.53,17,2730.85,FBK0451,BHV0451,ECO0451,0
CUST0452,ACC0452,20220319,88946.79,7,4180.7,FBK0452,BHV0452,ECO0452,0
CUST0453,ACC0453,20221124,75805.52,1,1776.91,FBK0453,BHV0453,ECO0453,0
CUST0454,ACC0454,20220408,73162.46,14,952.85,FBK0454,BHV0454,ECO0454,0
CUST0455,ACC0455,20221212,35307.57,17,2803.87,FBK0455,BHV0455,ECO0455,0
CUST0456,ACC0456,20221231,88878.15,13,4730.61,FBK0456,BHV0456,ECO0456,1
CUST0457,ACC0457,20221216,64159.96,2,2637.56,FBK0457,BHV0457,ECO0457,1
CUST0458,ACC0458,20221202,85332.11,14,4176.37,FBK0458,BHV0458,ECO0458,1
CUST0459,ACC0459,20220404,36736.17,1,3809.46,FBK0459,BHV0459,ECO0459,1
CUST0460,ACC0460,20220321,15419.56,5,2639.82,FBK0460,BHV0460,ECO0460,0
CUST0461,ACC0461,20220207,33901.38,7,3273.02,FBK0461,BHV0461,ECO0461,0
CUST0462,ACC0462,20220816,46071.17,19,2092.73,FBK0462,BHV0462,ECO0462,0
CUST0463,ACC0463,20220514,53807.33,14,2700.08,FBK0463,BHV0463,ECO0463,0
CUST0464,ACC0464,20220715,51570.11,14,2585.7,FBK0464,BHV0464,ECO0464,0
CUST0465,ACC0465,20221009,55059.4,15,3574.64,FBK0465,BHV0465,ECO0465,1
CUST0466,ACC0466,20220411,84328.87,5,2108.91,FBK0466,BHV0466,ECO0466,0
CUST0467,ACC0467,20220316,17840.02,5,588.86,FBK0467,BHV0467,ECO0467,0
CUST0468,ACC0468,20221021,32289.08,2,3964.68,FBK0468,BHV0468,ECO0468,0
CUST0469,ACC0469,20220727,88972.24,18,3455.78,FBK0469,BHV0469,ECO0469,0
CUST0470,ACC0470,20220324,56485.36,9,4755.6,FBK0470,BHV0470,ECO0470,0
CUST0471,ACC0471,20220523,58755.6,10,2200.71,FBK0471,BHV0471,ECO0471,0
CUST0472,ACC0472,20220225,48328.19,18,483.21,FBK0472,BHV0472,ECO0472,0
CUST0473,ACC0473,20221227,55348.49,4,695.93,FBK0473,BHV0473,ECO0473,1
CUST0474,ACC0474,20221014,20609.89,8,3889.27,FBK0474,BHV0474,ECO0474,1
CUST0475,ACC0475,20220730,55139.82,18,432.01,FBK0475,BHV0475,ECO0475,0
CUST0476,ACC0476,20220628,99720.14,17,4548.35,FBK0476,BHV0476,ECO0476,0
CUST0477,ACC0477,20220227,57038.71,16,1480.09,FBK0477,BHV0477,ECO0477,0
CUST0478,ACC0478,20220314,5395.84,18,4504.51,FBK0478,BHV0478,ECO0478,0
CUST0479,ACC0479,20220803,79847.13,7,3890.18,FBK0479,BHV0479,ECO0479,0
CUST0480,ACC0480,20220923,40251.07,1,4368.89,FBK0480,BHV0480,ECO0480,1
CUST0481,ACC0481,20220314,16213.94,1,1148.79,FBK0481,BHV0481,ECO0481,0
CUST0482,ACC0482,20220928,86389.46,18,3018.9,FBK0482,BHV0482,ECO0482,0
CUST0483,ACC0483,20221220,20599.35,4,558.59,FBK0483,BHV0483,ECO0483,0
CUST0484,ACC0484,20220822,92155.97,4,1091.18,FBK0484,BHV0484,ECO0484,0
CUST0485,ACC0485,20221115,44737.85,6,1618.52,FBK0485,BHV0485,ECO0485,0
CUST0486,ACC0486,20220119,74536.29,3,3729.98,FBK0486,BHV0486,ECO0486,0
CUST0487,ACC0487,20220423,55152.59,6,221.1,FBK0487,BHV0487,ECO0487,0
CUST0488,ACC0488,20220304,26406.05,13,4525.27,FBK0488,BHV0488,ECO0488,0
CUST0489,ACC0489,20220703,67437.93,7,446.94,FBK0489,BHV0489,ECO0489,1
CUST0490,ACC0490,20221004,95833.34,4,1944.8,FBK0490,BHV0490,ECO0490,1
CUST0491,ACC0491,20220611,77194.06,1,497.34,FBK0491,BHV0491,ECO0491,0
CUST0492,ACC0492,20220831,60797.78,6,3867.94,FBK0492,BHV0492,ECO0492,0
CUST0493,ACC0493,20220525,99072.18,5,792.44,FBK0493,BHV0493,ECO0493,0
CUST0494,ACC0494,20220526,27267.34,13,4435.31,FBK0494,BHV0494,ECO0494,0
CUST0495,ACC0495,20220322,7171.81,19,2698.09,FBK0495,BHV0495,ECO0495,1
CUST0496,ACC0496,20221118,4180.96,4,4747.52,FBK0496,BHV0496,ECO0496,0
CUST0497,ACC0497,20221117,71358.1,6,1522.77,FBK0497,BHV0497,ECO0497,0
CUST0498,ACC0498,20220212,83193.0,13,2326.15,FBK0498,BHV0498,ECO0498,0
CUST0499,ACC0499,20221109,63874.95,5,3501.81,FBK0499,BHV0499,ECO0499,1
CUST0500,ACC0500,20221020,90597.63,13,4176.38,FBK0500,BHV0500,ECO0500,1
CUST0501,ACC0501,20220625,70099.63,10,2164.65,FBK0501,BHV0501,ECO0501,0
CUST0502,ACC0502,20220310,37724.51,3,4472.92,FBK0502,BHV0502,ECO0502,0
CUST0503,ACC0503,20220225,18944.57,13,678.14,FBK0503,BHV0503,ECO0503,0
CUST0504,ACC0504,20220429,92540.1,12,3572.56,FBK0504,BHV0504,ECO0504,0
CUST0505,ACC0505,20220723,11256.12,4,1806.18,FBK0505,BHV0505,ECO0505,0
CUST0506,ACC0506,20220224,54755.85,10,596.54,FBK0506,BHV0506,ECO0506,1
CUST0507,ACC0507,20220207,32086.78,3,1994.66,FBK0507,BHV0507,ECO0507,0
CUST0508,ACC0508,20220831,27870.09,17,4413.06,FBK0508,BHV0508,ECO0508,1
CUST0509,ACC0509,20220720,64937.65,9,4904.62,FBK0509,BHV0509,ECO0509,1
CUST0510,ACC0510,20220824,23892.46,1,2024.72,FBK0510,BHV0510,ECO0510,0
CUST0511,ACC0511,20220115,91720.15,18,4443.44,FBK0511,BHV0511,ECO0511,0
CUST0512,ACC0512,20220524,41198.35,9,2597.31,FBK0512,BHV0512,ECO0512,1
CUST0513,ACC0513,20220318,68060.16,9,3613.37,FBK0513,BHV0513,ECO0513,0
CUST0514,ACC0514,20221105,73047.82,2,322.32,FBK0514,BHV0514,ECO0514,0
CUST0515,ACC0515,20220920,68611.23,19,2830.83,FBK0515,BHV0515,ECO0515,0
CUST0516,ACC0516,20220704,90436.62,16,443.79,FBK0516,BHV0516,ECO0516,0
CUST0517,ACC0517,20220224,23881.96,3,1416.23,FBK0517,BHV0517,ECO0517,0
CUST0518,ACC0518,20221104,9519.4,16,2877.39,FBK0518,BHV0518,ECO0518,0
CUST0519,ACC0519,20220104,6491.1,13,4055.1,FBK0519,BHV0519,ECO0519,0
CUST0520,ACC0520,20221026,87906.57,3,2848.38,FBK0520,BHV0520,ECO0520,0
CUST0521,ACC0521,20220209,97355.42,10,4687.34,FBK0521,BHV0521,ECO0521,0
CUST0522,ACC0522,20220818,30950.13,18,4070.63,FBK0522,BHV0522,ECO0522,0
CUST0523,ACC0523,20221013,69657.88,6,865.58,FBK0523,BHV0523,ECO0523,0
CUST0524,ACC0524,20220518,1882.37,6,2005.9,FBK0524,BHV0524,ECO0524,0
CUST0525,ACC0525,20220413,19674.52,18,3375.58,FBK0525,BHV0525,ECO0525,0
CUST0526,ACC0526,20220107,69238.16,6,4698.19,FBK0526,BHV0526,ECO0526,0
CUST0527,ACC0527,20220613,7522.83,6,4939.81,FBK0527,BHV0527,ECO0527,0
CUST0528,ACC0528,20221231,47382.49,13,3839.61,FBK0528,BHV0528,ECO0528,0
CUST0529,ACC0529,20221003,66595.74,14,2911.47,FBK0529,BHV0529,ECO0529,1
CUST0530,ACC0530,20220218,76829.86,7,3807.39,FBK0530,BHV0530,ECO0530,0
CUST0531,ACC0531,20220406,45927.78,13,1438.86,FBK0531,BHV0531,ECO0531,0
CUST0532,ACC0532,20220228,63398.12,15,1489.65,FBK0532,BHV0532,ECO0532,0
CUST0533,ACC0533,20220819,54417.99,12,3306.31,FBK0533,BHV0533,ECO0533,1
CUST0534,ACC0534,20220626,6178.27,1,4371.99,FBK0534,BHV0534,ECO0534,0
CUST0535,ACC0535,20220331,74537.66,3,4852.07,FBK0535,BHV0535,ECO0535,0
CUST0536,ACC0536,20221009,18063.83,18,1772.54,FBK0536,BHV0536,ECO0536,0
CUST0537,ACC0537,20220205,4148.75,8,4003.11,FBK0537,BHV0537,ECO0537,0
CUST0538,ACC0538,20220620,45665.62,2,4272.5,FBK0538,BHV0538,ECO0538,0
CUST0539,ACC0539,20220506,86698.12,4,3153.55,FBK0539,BHV0539,ECO0539,0
CUST0540,ACC0540,20221026,15932.11,18,1803.2,FBK0540,BHV0540,ECO0540,1
CUST0541,ACC0541,20221221,2272.9,13,3133.53,FBK0541,BHV0541,ECO0541,0
CUST0542,ACC0542,20220723,11887.94,15,2963.8,FBK0542,BHV0542,ECO0542,1
CUST0543,ACC0543,20221016,37002.25,2,3071.97,FBK0543,BHV0543,ECO0543,0
CUST0544,ACC0544,20221222,58437.02,10,3134.38,FBK0544,BHV0544,ECO0544,0
CUST0545,ACC0545,20220407,20108.2,2,4250.59,FBK0545,BHV0545,ECO0545,1
CUST0546,ACC0546,20220826,80394.44,12,933.4,FBK0546,BHV0546,ECO0546,0
CUST0547,ACC0547,20220622,75576.41,5,1899.74,FBK0547,BHV0547,ECO0547,0
CUST0548,ACC0548,20221028,69890.5,12,2971.41,FBK0548,BHV0548,ECO0548,0
CUST0549,ACC0549,20220329,49259.51,1,1488.31,FBK0549,BHV0549,ECO0549,1
CUST0550,ACC0550,20221217,37156.48,2,4892.95,FBK0550,BHV0550,ECO0550,0
CUST0551,ACC0551,20220117,38183.08,16,1389.44,FBK0551,BHV0551,ECO0551,0
CUST0552,ACC0552,20220520,50803.98,2,2401.18,FBK0552,BHV0552,ECO0552,0
CUST0553,ACC0553,20220911,8654.15,16,4399.09,FBK0553,BHV0553,ECO0553,1
CUST0554,ACC0554,20221005,68548.24,16,492.31,FBK0554,BHV0554,ECO0554,1
CUST0555,ACC0555,20220531,35799.25,6,4121.37,FBK0555,BHV0555,ECO0555,0
CUST0556,ACC0556,20221212,23251.12,13,2897.94,FBK0556,BHV0556,ECO0556,0
CUST0557,ACC0557,20221130,28554.38,12,255.83,FBK0557,BHV0557,ECO0557,1
CUST0558,ACC0558,20220520,18849.13,10,4524.27,FBK0558,BHV0558,ECO0558,0
CUST0559,ACC0559,20220424,90255.24,5,292.06,FBK0559,BHV0559,ECO0559,0
CUST0560,ACC0560,20220309,17734.71,8,2624.57,FBK0560,BHV0560,ECO0560,0
CUST0561,ACC0561,20220628,88409.69,6,340.25,FBK0561,BHV0561,ECO0561,0
CUST0562,ACC0562,20220505,57652.1,5,448.88,FBK0562,BHV0562,ECO0562,0
CUST0563,ACC0563,20221109,86877.64,6,4447.3,FBK0563,BHV0563,ECO0563,0
CUST0564,ACC0564,20221107,47932.36,17,3852.55,FBK0564,BHV0564,ECO0564,0
CUST0565,ACC0565,20221204,92835.74,6,1065.01,FBK0565,BHV0565,ECO0565,1
CUST0566,ACC0566,20221229,21937.58,17,3140.29,FBK0566,BHV0566,ECO0566,0
CUST0567,ACC0567,20221224,55914.48,5,3993.93,FBK0567,BHV0567,ECO0567,0
CUST0568,ACC0568,20220821,13458.03,17,4458.99,FBK0568,BHV0568,ECO0568,1
CUST0569,ACC0569,20220527,45274.81,17,2394.7,FBK0569,BHV0569,ECO0569,0
CUST0570,ACC0570,20220421,57420.47,13,4497.75,FBK0570,BHV0570,ECO0570,0
CUST0571,ACC0571,20221229,60961.85,7,2588.47,FBK0571,BHV0571,ECO0571,0
CUST0572,ACC0572,20221224,37187.35,6,3472.32,FBK0572,BHV0572,ECO0572,0
CUST0573,ACC0573,20220826,8557.23,14,4897.24,FBK0573,BHV0573,ECO0573,0
CUST0574,ACC0574,20220103,65877.28,16,1256.16,FBK0574,BHV0574,ECO0574,0
CUST0575,ACC0575,20220730,49354.75,3,925.75,FBK0575,BHV0575,ECO0575,0
CUST0576,ACC0576,20220125,14551.01,9,1775.89,FBK0576,BHV0576,ECO0576,0
CUST0577,ACC0577,20221127,93651.72,15,905.56,FBK0577,BHV0577,ECO0577,1
CUST0578,ACC0578,20220703,95611.2,18,1492.4,FBK0578,BHV0578,ECO0578,0
CUST0579,ACC0579,20220302,85804.02,10,3740.63,FBK0579,BHV0579,ECO0579,0
CUST0580,ACC0580,20220503,84542.96,10,2439.87,FBK0580,BHV0580,ECO0580,0
CUST0581,ACC0581,20220224,10768.46,3,1937.7,FBK0581,BHV0581,ECO0581,0
CUST0582,ACC0582,20220612,99348.59,1,1906.75,FBK0582,BHV0582,ECO0582,0
CUST0583,ACC0583,20220706,40637.69,3,1053.2,FBK0583,BHV0583,ECO0583,0
CUST0584,ACC0584,20220208,17148.99,5,2292.32,FBK0584,BHV0584,ECO0584,0
CUST0585,ACC0585,20220704,81398.07,7,3160.71,FBK0585,BHV0585,ECO0585,0
CUST0586,ACC0586,20220324,23347.35,3,781.86,FBK0586,BHV0586,ECO0586,0
CUST0587,ACC0587,20220714,53091.36,4,4866.78,FBK0587,BHV0587,ECO0587,0
CUST0588,ACC0588,20220203,13673.59,17,2272.08,FBK0588,BHV0588,ECO0588,0
CUST0589,ACC0589,20220423,47989.93,3,4745.01,FBK0589,BHV0589,ECO0589,0
CUST0590,ACC0590,20220818,56256.01,4,759.83,FBK0590,BHV0590,ECO0590,0
CUST0591,ACC0591,20221010,45146.47,2,3859.36,FBK0591,BHV0591,ECO0591,1
CUST0592,ACC0592,20221014,7879.2,14,3126.43,FBK0592,BHV0592,ECO0592,0
CUST0593,ACC0593,20220604,49008.96,5,4118.31,FBK0593,BHV0593,ECO0593,1
CUST0594,ACC0594,20220614,47425.34,2,3043.32,FBK0594,BHV0594,ECO0594,1
CUST0595,ACC0595,20220701,26900.41,15,4817.9,FBK0595,BHV0595,ECO0595,0
CUST0596,ACC0596,20220827,92238.56,11,3171.97,FBK0596,BHV0596,ECO0596,1
CUST0597,ACC0597,20220517,42361.44,10,3944.56,FBK0597,BHV0597,ECO0597,0
CUST0598,ACC0598,20221205,86547.46,1,4400.15,FBK0598,BHV0598,ECO0598,1
CUST0599,ACC0599,20220923,11856.72,19,3601.46,FBK0599,BHV0599,ECO0599,0
CUST0600,ACC0600,20220706,32568.85,14,2668.76,FBK0600,BHV0600,ECO0600,0
CUST0601,ACC0601,20220209,18456.75,14,1436.8,FBK0601,BHV0601,ECO0601,0
CUST0602,ACC0602,20221106,41432.67,1,4287.01,FBK0602,BHV0602,ECO0602,0
CUST0603,ACC0603,20220616,12052.03,9,2454.83,FBK0603,BHV0603,ECO0603,1
CUST0604,ACC0604,20220917,44662.45,17,3141.47,FBK0604,BHV0604,ECO0604,0
CUST0605,ACC0605,20220523,36033.2,14,488.21,FBK0605,BHV0605,ECO0605,0
CUST0606,ACC0606,20220723,23108.19,13,2537.02,FBK0606,BHV0606,ECO0606,0
CUST0607,ACC0607,20220625,64575.76,13,3520.97,FBK0607,BHV0607,ECO0607,0
CUST0608,ACC0608,20220919,95140.24,6,2961.95,FBK0608,BHV0608,ECO0608,0
CUST0609,ACC0609,20220909,21504.23,7,2297.92,FBK0609,BHV0609,ECO0609,0
CUST0610,ACC0610,20221125,71467.29,2,1194.79,FBK0610,BHV0610,ECO0610,0
CUST0611,ACC0611,20220719,74495.71,8,1617.38,FBK0611,BHV0611,ECO0611,0
CUST0612,ACC0612,20220718,50313.93,6,3533.06,FBK0612,BHV0612,ECO0612,0
CUST0613,ACC0613,20220715,89869.17,3,1198.53,FBK0613,BHV0613,ECO0613,0
CUST0614,ACC0614,20221110,96672.62,18,3146.46,FBK0614,BHV0614,ECO0614,1
CUST0615,ACC0615,20220318,36862.4,18,2989.71,FBK0615,BHV0615,ECO0615,0
CUST0616,ACC0616,20220119,65452.3,6,4855.05,FBK0616,BHV0616,ECO0616,0
CUST0617,ACC0617,20220303,66559.05,11,397.83,FBK0617,BHV0617,ECO0617,0
CUST0618,ACC0618,20221123,40959.92,3,629.8,FBK0618,BHV0618,ECO0618,0
CUST0619,ACC0619,20221008,32362.32,16,2579.81,FBK0619,BHV0619,ECO0619,0
CUST0620,ACC0620,20220907,93440.68,5,2682.84,FBK0620,BHV0620,ECO0620,0
CUST0621,ACC0621,20220815,79208.17,2,295.65,FBK0621,BHV0621,ECO0621,0
CUST0622,ACC0622,20220507,12331.99,15,4146.69,FBK0622,BHV0622,ECO0622,0
CUST0623,ACC0623,20220227,12868.52,16,2524.15,FBK0623,BHV0623,ECO0623,0
CUST0624,ACC0624,20220723,92331.73,7,1798.55,FBK0624,BHV0624,ECO0624,0
CUST0625,ACC0625,20220831,9059.57,16,1662.38,FBK0625,BHV0625,ECO0625,0
CUST0626,ACC0626,20221128,69153.71,4,4320.9,FBK0626,BHV0626,ECO0626,0
CUST0627,ACC0627,20221122,23449.07,16,1063.99,FBK0627,BHV0627,ECO0627,0
CUST0628,ACC0628,20220909,4483.35,17,886.05,FBK0628,BHV0628,ECO0628,0
CUST0629,ACC0629,20221118,6904.12,2,1144.57,FBK0629,BHV0629,ECO0629,0
CUST0630,ACC0630,20220718,37978.69,16,3162.61,FBK0630,BHV0630,ECO0630,0
CUST0631,ACC0631,20221209,8681.26,4,4073.56,FBK0631,BHV0631,ECO0631,0
CUST0632,ACC0632,20220828,60067.28,7,1721.8,FBK0632,BHV0632,ECO0632,0
CUST0633,ACC0633,20220519,65078.2,18,949.96,FBK0633,BHV0633,ECO0633,0
CUST0634,ACC0634,20220502,37973.39,6,1125.05,FBK0634,BHV0634,ECO0634,0
CUST0635,ACC0635,20220218,74544.93,18,3134.0,FBK0635,BHV0635,ECO0635,0
CUST0636,ACC0636,20221031,49514.21,7,1305.57,FBK0636,BHV0636,ECO0636,0
CUST0637,ACC0637,20220425,43592.62,2,4398.67,FBK0637,BHV0637,ECO0637,0
CUST0638,ACC0638,20221209,41291.82,19,609.07,FBK0638,BHV0638,ECO0638,0
CUST0639,ACC0639,20220908,43679.54,9,258.61,FBK0639,BHV0639,ECO0639,0
CUST0640,ACC0640,20220107,96820.88,4,533.05,FBK0640,BHV0640,ECO0640,0
CUST0641,ACC0641,20220807,68459.3,14,4243.65,FBK0641,BHV0641,ECO0641,0
CUST0642,ACC0642,20220318,32205.77,5,3291.02,FBK0642,BHV0642,ECO0642,1
CUST0643,ACC0643,20220628,73652.13,7,4792.95,FBK0643,BHV0643,ECO0643,0
CUST0644,ACC0644,20220525,33696.47,8,1747.85,FBK0644,BHV0644,ECO0644,0
CUST0645,ACC0645,20220603,13445.78,15,1142.12,FBK0645,BHV0645,ECO0645,0
CUST0646,ACC0646,20220501,48060.68,19,2853.68,FBK0646,BHV0646,ECO0646,0
CUST0647,ACC0647,20220504,75351.36,11,2735.36,FBK0647,BHV0647,ECO0647,0
CUST0648,ACC0648,20220530,38388.33,4,2996.02,FBK0648,BHV0648,ECO0648,0
CUST0649,ACC0649,20220925,87048.24,18,1802.92,FBK0649,BHV0649,ECO0649,0
CUST0650,ACC0650,20221123,39308.32,14,128.9,FBK0650,BHV0650,ECO0650,1
CUST0651,ACC0651,20220101,35634.06,6,271.66,FBK0651,BHV0651,ECO0651,0
CUST0652,ACC0652,20220610,99826.15,16,3352.75,FBK0652,BHV0652,ECO0652,1
CUST0653,ACC0653,20220901,48764.73,18,2663.96,FBK0653,BHV0653,ECO0653,0
CUST0654,ACC0654,20220908,80716.9,1,4122.96,FBK0654,BHV0654,ECO0654,0
CUST0655,ACC0655,20220305,80693.82,8,1572.01,FBK0655,BHV0655,ECO0655,0
CUST0656,ACC0656,20221026,92710.56,1,4095.81,FBK0656,BHV0656,ECO0656,0
CUST0657,ACC0657,20220905,9404.61,1,2184.91,FBK0657,BHV0657,ECO0657,0
CUST0658,ACC0658,20221024,27850.81,19,573.82,FBK0658,BHV0658,ECO0658,0
CUST0659,ACC0659,20220425,77007.06,10,4891.77,FBK0659,BHV0659,ECO0659,0
CUST0660,ACC0660,20221022,56697.55,18,2608.49,FBK0660,BHV0660,ECO0660,0
CUST0661,ACC0661,20220101,56401.88,12,3184.44,FBK0661,BHV0661,ECO0661,0
CUST0662,ACC0662,20220210,17455.31,17,3386.91,FBK0662,BHV0662,ECO0662,0
CUST0663,ACC0663,20220622,28834.15,1,1875.82,FBK0663,BHV0663,ECO0663,1
CUST0664,ACC0664,20220329,52612.07,8,3762.89,FBK0664,BHV0664,ECO0664,0
CUST0665,ACC0665,20220408,28440.96,10,4364.31,FBK0665,BHV0665,ECO0665,1
CUST0666,ACC0666,20220329,21818.0,10,1997.22,FBK0666,BHV0666,ECO0666,0
CUST0667,ACC0667,20220908,9687.85,18,3319.3,FBK0667,BHV0667,ECO0667,0
CUST0668,ACC0668,20221201,16416.88,9,3809.91,FBK0668,BHV0668,ECO0668,0
CUST0669,ACC0669,20220521,77117.91,2,1031.62,FBK0669,BHV0669,ECO0669,0
CUST0670,ACC0670,20220312,72159.14,3,1729.72,FBK0670,BHV0670,ECO0670,1
CUST0671,ACC0671,20220517,5537.53,2,633.1,FBK0671,BHV0671,ECO0671,0
CUST0672,ACC0672,20220409,21125.12,6,3050.82,FBK0672,BHV0672,ECO0672,1
CUST0673,ACC0673,20220531,56485.08,12,4024.59,FBK0673,BHV0673,ECO0673,1
CUST0674,ACC0674,20220624,32940.16,19,3093.11,FBK0674,BHV0674,ECO0674,0
CUST0675,ACC0675,20220616,82501.71,15,980.94,FBK0675,BHV0675,ECO0675,0
CUST0676,ACC0676,20221209,78713.94,19,2777.21,FBK0676,BHV0676,ECO0676,0
CUST0677,ACC0677,20220914,89266.48,12,4191.18,FBK0677,BHV0677,ECO0677,0
CUST0678,ACC0678,20220812,56730.19,18,1583.35,FBK0678,BHV0678,ECO0678,0
CUST0679,ACC0679,20221126,35855.57,16,4179.99,FBK0679,BHV0679,ECO0679,0
CUST0680,ACC0680,20220306,61000.4,2,3944.65,FBK0680,BHV0680,ECO0680,0
CUST0681,ACC0681,20220310,9824.53,11,206.53,FBK0681,BHV0681,ECO0681,0
CUST0682,ACC0682,20220308,1949.02,12,1273.33,FBK0682,BHV0682,ECO0682,0
CUST0683,ACC0683,20220219,2692.26,5,2760.42,FBK0683,BHV0683,ECO0683,1
CUST0684,ACC0684,20221110,41346.75,6,3616.33,FBK0684,BHV0684,ECO0684,0
CUST0685,ACC0685,20221105,23579.68,11,4414.6,FBK0685,BHV0685,ECO0685,0
CUST0686,ACC0686,20220401,16576.43,10,3241.11,FBK0686,BHV0686,ECO0686,0
CUST0687,ACC0687,20220425,61917.28,4,1963.69,FBK0687,BHV0687,ECO0687,0
CUST0688,ACC0688,20220226,99514.41,9,1004.67,FBK0688,BHV0688,ECO0688,0
CUST0689,ACC0689,20221208,18597.57,12,3824.18,FBK0689,BHV0689,ECO0689,1
CUST0690,ACC0690,20220118,55095.72,10,1113.23,FBK0690,BHV0690,ECO0690,1
CUST0691,ACC0691,20220929,12853.02,14,3507.61,FBK0691,BHV0691,ECO0691,1
CUST0692,ACC0692,20220510,93489.41,5,987.94,FBK0692,BHV0692,ECO0692,0
CUST0693,ACC0693,20220926,29883.76,1,546.16,FBK0693,BHV0693,ECO0693,0
CUST0694,ACC0694,20220321,87955.64,5,1330.39,FBK0694,BHV0694,ECO0694,1
CUST0695,ACC0695,20221026,29024.57,16,1496.16,FBK0695,BHV0695,ECO0695,1
CUST0696,ACC0696,20221106,80799.2,5,3271.32,FBK0696,BHV0696,ECO0696,1
CUST0697,ACC0697,20220721,21728.75,5,888.33,FBK0697,BHV0697,ECO0697,0
CUST0698,ACC0698,20220813,29986.15,18,4658.5,FBK0698,BHV0698,ECO0698,0
CUST0699,ACC0699,20220608,20055.06,6,2816.37,FBK0699,BHV0699,ECO0699,0
CUST0700,ACC0700,20220723,27161.73,18,2505.57,FBK0700,BHV0700,ECO0700,1
CUST0701,ACC0701,20220517,83651.71,10,2230.0,FBK0701,BHV0701,ECO0701,0
CUST0702,ACC0702,20220314,64264.22,15,2876.35,FBK0702,BHV0702,ECO0702,0
CUST0703,ACC0703,20220217,41182.09,11,209.99,FBK0703,BHV0703,ECO0703,0
CUST0704,ACC0704,20220118,97180.58,19,4951.42,FBK0704,BHV0704,ECO0704,0
CUST0705,ACC0705,20220924,47021.29,13,2831.87,FBK0705,BHV0705,ECO0705,0
CUST0706,ACC0706,20221206,97006.24,3,272.46,FBK0706,BHV0706,ECO0706,0
CUST0707,ACC0707,20220119,20462.11,16,2990.89,FBK0707,BHV0707,ECO0707,0
CUST0708,ACC0708,20220410,90559.2,7,2241.69,FBK0708,BHV0708,ECO0708,0
CUST0709,ACC0709,20220426,2368.4,12,217.78,FBK0709,BHV0709,ECO0709,0
CUST0710,ACC0710,20221212,54985.02,15,4629.7,FBK0710,BHV0710,ECO0710,1
CUST0711,ACC0711,20220315,42882.19,8,151.78,FBK0711,BHV0711,ECO0711,0
CUST0712,ACC0712,20221007,52983.7,17,2931.57,FBK0712,BHV0712,ECO0712,0
CUST0713,ACC0713,20220926,55791.04,1,4812.77,FBK0713,BHV0713,ECO0713,0
CUST0714,ACC0714,20220505,39514.1,8,1264.26,FBK0714,BHV0714,ECO0714,0
CUST0715,ACC0715,20220426,99821.59,14,1345.48,FBK0715,BHV0715,ECO0715,0
CUST0716,ACC0716,20220623,97674.21,10,102.07,FBK0716,BHV0716,ECO0716,1
CUST0717,ACC0717,20220630,96212.79,19,425.12,FBK0717,BHV0717,ECO0717,0
CUST0718,ACC0718,20220814,97929.42,8,319.95,FBK0718,BHV0718,ECO0718,0
CUST0719,ACC0719,20220606,79508.23,19,4131.02,FBK0719,BHV0719,ECO0719,0
CUST0720,ACC0720,20220613,98870.46,4,4200.01,FBK0720,BHV0720,ECO0720,1
CUST0721,ACC0721,20220312,89343.66,10,3660.83,FBK0721,BHV0721,ECO0721,0
CUST0722,ACC0722,20220810,42177.33,3,1828.45,FBK0722,BHV0722,ECO0722,0
CUST0723,ACC0723,20220506,78692.93,4,4124.15,FBK0723,BHV0723,ECO0723,1
CUST0724,ACC0724,20220525,91294.72,16,2744.9,FBK0724,BHV0724,ECO0724,1
CUST0725,ACC0725,20220625,71548.0,4,1591.12,FBK0725,BHV0725,ECO0725,0
CUST0726,ACC0726,20220601,42855.45,13,2242.66,FBK0726,BHV0726,ECO0726,0
CUST0727,ACC0727,20220701,7513.23,17,422.26,FBK0727,BHV0727,ECO0727,0
CUST0728,ACC0728,20221213,81160.0,16,4730.05,FBK0728,BHV0728,ECO0728,0
CUST0729,ACC0729,20220326,95321.54,17,3133.67,FBK0729,BHV0729,ECO0729,1
CUST0730,ACC0730,20221230,36883.86,6,3683.05,FBK0730,BHV0730,ECO0730,0
CUST0731,ACC0731,20220501,16038.7,3,3415.26,FBK0731,BHV0731,ECO0731,0
CUST0732,ACC0732,20220509,33323.88,4,3371.97,FBK0732,BHV0732,ECO0732,1
CUST0733,ACC0733,20220106,58679.61,8,184.58,FBK0733,BHV0733,ECO0733,0
CUST0734,ACC0734,20221130,32375.97,9,2674.32,FBK0734,BHV0734,ECO0734,0
CUST0735,ACC0735,20220702,61451.25,1,4126.38,FBK0735,BHV0735,ECO0735,0
CUST0736,ACC0736,20220207,96718.37,13,318.14,FBK0736,BHV0736,ECO0736,1
CUST0737,ACC0737,20220426,67402.71,2,4785.21,FBK0737,BHV0737,ECO0737,1
CUST0738,ACC0738,20220412,36903.28,10,2178.38,FBK0738,BHV0738,ECO0738,0
CUST0739,ACC0739,20220108,93639.54,19,1520.49,FBK0739,BHV0739,ECO0739,1
CUST0740,ACC0740,20220806,56997.89,17,2705.92,FBK0740,BHV0740,ECO0740,1
CUST0741,ACC0741,20220726,13708.87,13,4025.95,FBK0741,BHV0741,ECO0741,1
CUST0742,ACC0742,20220319,50399.12,14,2426.3,FBK0742,BHV0742,ECO0742,0
CUST0743,ACC0743,20220224,65710.01,11,3261.02,FBK0743,BHV0743,ECO0743,0
CUST0744,ACC0744,20221031,83987.18,10,2549.58,FBK0744,BHV0744,ECO0744,0
CUST0745,ACC0745,20220816,93711.2,7,3193.23,FBK0745,BHV0745,ECO0745,0
CUST0746,ACC0746,20220329,32424.2,10,776.35,FBK0746,BHV0746,ECO0746,0
CUST0747,ACC0747,20220110,16395.72,1,289.45,FBK0747,BHV0747,ECO0747,0
CUST0748,ACC0748,20221104,8309.04,14,770.82,FBK0748,BHV0748,ECO0748,0
CUST0749,ACC0749,20221017,74097.11,3,1500.61,FBK0749,BHV0749,ECO0749,0
CUST0750,ACC0750,20220613,79720.67,13,1341.44,FBK0750,BHV0750,ECO0750,1
CUST0751,ACC0751,20220827,41527.94,2,3114.36,FBK0751,BHV0751,ECO0751,1
CUST0752,ACC0752,20221113,40196.62,17,2333.86,FBK0752,BHV0752,ECO0752,0
CUST0753,ACC0753,20220524,95469.47,3,290.18,FBK0753,BHV0753,ECO0753,0
CUST0754,ACC0754,20221201,91751.45,15,270.84,FBK0754,BHV0754,ECO0754,0
CUST0755,ACC0755,20220118,24093.32,8,543.88,FBK0755,BHV0755,ECO0755,0
CUST0756,ACC0756,20220312,78299.96,6,1830.1,FBK0756,BHV0756,ECO0756,0
CUST0757,ACC0757,20220624,62647.34,9,130.3,FBK0757,BHV0757,ECO0757,1
CUST0758,ACC0758,20221208,16268.05,11,2520.54,FBK0758,BHV0758,ECO0758,0
CUST0759,ACC0759,20221015,36320.33,2,1867.28,FBK0759,BHV0759,ECO0759,1
CUST0760,ACC0760,20221026,18569.82,9,2821.66,FBK0760,BHV0760,ECO0760,1
CUST0761,ACC0761,20221205,30220.45,18,3632.04,FBK0761,BHV0761,ECO0761,0
CUST0762,ACC0762,20220905,61914.82,19,1329.77,FBK0762,BHV0762,ECO0762,1
CUST0763,ACC0763,20220712,38151.28,18,869.71,FBK0763,BHV0763,ECO0763,0
CUST0764,ACC0764,20221121,40011.89,5,1462.46,FBK0764,BHV0764,ECO0764,1
CUST0765,ACC0765,20221102,54425.08,18,108.64,FBK0765,BHV0765,ECO0765,1
CUST0766,ACC0766,20220925,9635.19,12,688.06,FBK0766,BHV0766,ECO0766,0
CUST0767,ACC0767,20220723,74140.93,4,3779.07,FBK0767,BHV0767,ECO0767,0
CUST0768,ACC0768,20221207,40769.24,15,1191.75,FBK0768,BHV0768,ECO0768,0
CUST0769,ACC0769,20220503,48559.31,11,4972.07,FBK0769,BHV0769,ECO0769,0
CUST0770,ACC0770,20220227,97455.67,19,922.37,FBK0770,BHV0770,ECO0770,1
CUST0771,ACC0771,20221205,35092.32,5,3964.98,FBK0771,BHV0771,ECO0771,0
CUST0772,ACC0772,20220720,65173.67,6,3554.72,FBK0772,BHV0772,ECO0772,0
CUST0773,ACC0773,20220422,39857.93,13,1678.45,FBK0773,BHV0773,ECO0773,0
CUST0774,ACC0774,20220508,89533.99,10,1720.62,FBK0774,BHV0774,ECO0774,0
CUST0775,ACC0775,20220205,84828.87,14,2861.4,FBK0775,BHV0775,ECO0775,1
CUST0776,ACC0776,20220822,24920.8,4,4276.63,FBK0776,BHV0776,ECO0776,0
CUST0777,ACC0777,20221106,69482.83,12,1992.32,FBK0777,BHV0777,ECO0777,0
CUST0778,ACC0778,20220216,7452.03,15,399.78,FBK0778,BHV0778,ECO0778,0
CUST0779,ACC0779,20220425,96355.35,10,1934.65,FBK0779,BHV0779,ECO0779,0
CUST0780,ACC0780,20220912,35550.02,11,1115.83,FBK0780,BHV0780,ECO0780,0
CUST0781,ACC0781,20220811,83352.43,9,4702.11,FBK0781,BHV0781,ECO0781,0
CUST0782,ACC0782,20220504,32524.71,11,3516.64,FBK0782,BHV0782,ECO0782,0
CUST0783,ACC0783,20220609,63644.3,2,349.08,FBK0783,BHV0783,ECO0783,0
CUST0784,ACC0784,20220406,98375.49,13,1535.64,FBK0784,BHV0784,ECO0784,1
CUST0785,ACC0785,20220417,87798.24,8,346.06,FBK0785,BHV0785,ECO0785,1
CUST0786,ACC0786,20220430,16876.23,8,4167.08,FBK0786,BHV0786,ECO0786,0
CUST0787,ACC0787,20220411,55201.35,1,4540.85,FBK0787,BHV0787,ECO0787,0
CUST0788,ACC0788,20220413,35504.65,6,650.17,FBK0788,BHV0788,ECO0788,0
CUST0789,ACC0789,20220615,43999.55,13,2257.42,FBK0789,BHV0789,ECO0789,1
CUST0790,ACC0790,20220705,34183.13,9,4666.23,FBK0790,BHV0790,ECO0790,0
CUST0791,ACC0791,20220201,34259.97,6,811.54,FBK0791,BHV0791,ECO0791,0
CUST0792,ACC0792,20220307,54712.77,15,1530.33,FBK0792,BHV0792,ECO0792,0
CUST0793,ACC0793,20220628,20004.44,16,1590.95,FBK0793,BHV0793,ECO0793,0
CUST0794,ACC0794,20220924,54202.15,4,247.29,FBK0794,BHV0794,ECO0794,0
CUST0795,ACC0795,20220206,28617.58,17,277.74,FBK0795,BHV0795,ECO0795,0
CUST0796,ACC0796,20220720,29609.31,9,4768.68,FBK0796,BHV0796,ECO0796,0
CUST0797,ACC0797,20221224,74136.05,12,2898.35,FBK0797,BHV0797,ECO0797,0
CUST0798,ACC0798,20220218,3929.77,19,1602.58,FBK0798,BHV0798,ECO0798,1
CUST0799,ACC0799,20221002,38713.63,12,1955.51,FBK0799,BHV0799,ECO0799,0
CUST0800,ACC0800,20220617,41345.9,6,3602.73,FBK0800,BHV0800,ECO0800,0
CUST0801,ACC0801,20220920,49025.9,12,1895.93,FBK0801,BHV0801,ECO0801,1
CUST0802,ACC0802,20220513,67232.09,9,1216.03,FBK0802,BHV0802,ECO0802,0
CUST0803,ACC0803,20221025,37598.99,5,599.0,FBK0803,BHV0803,ECO0803,0
CUST0804,ACC0804,20221210,22100.57,3,3671.77,FBK0804,BHV0804,ECO0804,1
CUST0805,ACC0805,20220625,88602.41,2,984.77,FBK0805,BHV0805,ECO0805,0
CUST0806,ACC0806,20220111,98122.82,8,441.28,FBK0806,BHV0806,ECO0806,0
CUST0807,ACC0807,20220720,2981.45,10,2192.08,FBK0807,BHV0807,ECO0807,0
CUST0808,ACC0808,20221024,55100.22,15,293.9,FBK0808,BHV0808,ECO0808,0
CUST0809,ACC0809,20220103,34828.54,9,4828.49,FBK0809,BHV0809,ECO0809,0
CUST0810,ACC0810,20220802,28421.97,10,3173.74,FBK0810,BHV0810,ECO0810,0
CUST0811,ACC0811,20221023,34234.93,11,848.21,FBK0811,BHV0811,ECO0811,0
CUST0812,ACC0812,20221103,64248.9,9,945.03,FBK0812,BHV0812,ECO0812,1
CUST0813,ACC0813,20220201,19880.89,14,2892.16,FBK0813,BHV0813,ECO0813,1
CUST0814,ACC0814,20220217,91373.21,5,1847.17,FBK0814,BHV0814,ECO0814,0
CUST0815,ACC0815,20221123,47145.34,9,3893.91,FBK0815,BHV0815,ECO0815,0
CUST0816,ACC0816,20220909,33232.11,4,2774.45,FBK0816,BHV0816,ECO0816,0
CUST0817,ACC0817,20220718,76787.6,2,2223.34,FBK0817,BHV0817,ECO0817,0
CUST0818,ACC0818,20220330,2618.32,19,4818.6,FBK0818,BHV0818,ECO0818,0
CUST0819,ACC0819,20220419,43753.43,1,2014.57,FBK0819,BHV0819,ECO0819,0
CUST0820,ACC0820,20221018,36175.06,1,2062.99,FBK0820,BHV0820,ECO0820,0
CUST0821,ACC0821,20220418,34482.78,12,3362.28,FBK0821,BHV0821,ECO0821,0
CUST0822,ACC0822,20220209,34370.06,11,4066.45,FBK0822,BHV0822,ECO0822,1
CUST0823,ACC0823,20220221,4095.87,1,3168.45,FBK0823,BHV0823,ECO0823,0
CUST0824,ACC0824,20220422,16059.52,14,3523.19,FBK0824,BHV0824,ECO0824,0
CUST0825,ACC0825,20221022,15046.63,11,1927.36,FBK0825,BHV0825,ECO0825,0
CUST0826,ACC0826,20220309,98872.44,7,2449.53,FBK0826,BHV0826,ECO0826,0
CUST0827,ACC0827,20220708,3194.41,2,1065.47,FBK0827,BHV0827,ECO0827,1
CUST0828,ACC0828,20221128,17540.29,15,3433.21,FBK0828,BHV0828,ECO0828,0
CUST0829,ACC0829,20220728,97443.28,8,1185.11,FBK0829,BHV0829,ECO0829,0
CUST0830,ACC0830,20220306,63197.4,15,106.16,FBK0830,BHV0830,ECO0830,1
CUST0831,ACC0831,20220303,45616.04,8,4675.43,FBK0831,BHV0831,ECO0831,0
CUST0832,ACC0832,20220915,8797.33,10,1599.47,FBK0832,BHV0832,ECO0832,0
CUST0833,ACC0833,20220514,67296.46,19,1063.5,FBK0833,BHV0833,ECO0833,0
CUST0834,ACC0834,20220502,14642.5,3,1413.92,FBK0834,BHV0834,ECO0834,0
CUST0835,ACC0835,20221127,67447.43,14,1719.19,FBK0835,BHV0835,ECO0835,0
CUST0836,ACC0836,20220620,97938.47,9,2425.28,FBK0836,BHV0836,ECO0836,0
CUST0837,ACC0837,20220729,53665.29,9,439.82,FBK0837,BHV0837,ECO0837,0
CUST0838,ACC0838,20221023,22194.38,6,358.1,FBK0838,BHV0838,ECO0838,0
CUST0839,ACC0839,20220330,62903.09,8,1535.26,FBK0839,BHV0839,ECO0839,0
CUST0840,ACC0840,20220616,51780.04,11,1549.25,FBK0840,BHV0840,ECO0840,1
CUST0841,ACC0841,20220128,53780.89,8,676.47,FBK0841,BHV0841,ECO0841,0
CUST0842,ACC0842,20220826,48332.59,12,2083.48,FBK0842,BHV0842,ECO0842,0
CUST0843,ACC0843,20221202,67700.32,10,1491.74,FBK0843,BHV0843,ECO0843,0
CUST0844,ACC0844,20220304,57622.59,4,227.67,FBK0844,BHV0844,ECO0844,0
CUST0845,ACC0845,20220912,98712.51,16,4440.03,FBK0845,BHV0845,ECO0845,1
CUST0846,ACC0846,20220210,82760.48,6,4441.49,FBK0846,BHV0846,ECO0846,0
CUST0847,ACC0847,20220129,27205.14,9,1124.99,FBK0847,BHV0847,ECO0847,0
CUST0848,ACC0848,20221006,72849.9,5,898.07,FBK0848,BHV0848,ECO0848,0
CUST0849,ACC0849,20220321,22215.73,6,2781.73,FBK0849,BHV0849,ECO0849,0
CUST0850,ACC0850,20220220,78452.29,17,3190.69,FBK0850,BHV0850,ECO0850,0
CUST0851,ACC0851,20220422,15608.21,17,4791.96,FBK0851,BHV0851,ECO0851,0
CUST0852,ACC0852,20221227,47881.83,13,1949.01,FBK0852,BHV0852,ECO0852,1
CUST0853,ACC0853,20221028,79270.01,17,3129.18,FBK0853,BHV0853,ECO0853,0
CUST0854,ACC0854,20220331,28731.16,14,4403.09,FBK0854,BHV0854,ECO0854,0
CUST0855,ACC0855,20220817,83874.79,2,2304.77,FBK0855,BHV0855,ECO0855,0
CUST0856,ACC0856,20220530,64770.92,19,699.49,FBK0856,BHV0856,ECO0856,0
CUST0857,ACC0857,20220831,40354.71,3,1949.49,FBK0857,BHV0857,ECO0857,0
CUST0858,ACC0858,20220518,42918.25,2,769.18,FBK0858,BHV0858,ECO0858,0
CUST0859,ACC0859,20220515,92673.16,2,181.53,FBK0859,BHV0859,ECO0859,0
CUST0860,ACC0860,20220330,22561.31,7,3782.61,FBK0860,BHV0860,ECO0860,0
CUST0861,ACC0861,20220115,69642.9,4,1268.28,FBK0861,BHV0861,ECO0861,0
CUST0862,ACC0862,20221129,71022.13,17,109.83,FBK0862,BHV0862,ECO0862,0
CUST0863,ACC0863,20221228,92322.52,6,4374.92,FBK0863,BHV0863,ECO0863,0
CUST0864,ACC0864,20220623,71603.26,7,2274.57,FBK0864,BHV0864,ECO0864,0
CUST0865,ACC0865,20220331,58862.27,6,1270.41,FBK0865,BHV0865,ECO0865,0
CUST0866,ACC0866,20220801,90349.73,9,1387.67,FBK0866,BHV0866,ECO0866,0
CUST0867,ACC0867,20221209,83084.07,4,1278.64,FBK0867,BHV0867,ECO0867,0
CUST0868,ACC0868,20220302,71960.87,5,1053.33,FBK0868,BHV0868,ECO0868,0
CUST0869,ACC0869,20221230,4225.26,19,4222.01,FBK0869,BHV0869,ECO0869,0
CUST0870,ACC0870,20220808,37978.52,10,934.63,FBK0870,BHV0870,ECO0870,0
CUST0871,ACC0871,20220302,63557.08,18,2853.09,FBK0871,BHV0871,ECO0871,0
CUST0872,ACC0872,20221103,52702.8,15,478.87,FBK0872,BHV0872,ECO0872,0
CUST0873,ACC0873,20220615,32612.51,1,4752.65,FBK0873,BHV0873,ECO0873,0
CUST0874,ACC0874,20220112,15297.97,5,3056.24,FBK0874,BHV0874,ECO0874,0
CUST0875,ACC0875,20220804,55746.66,5,4525.45,FBK0875,BHV0875,ECO0875,0
CUST0876,ACC0876,20220318,29305.84,8,2049.6,FBK0876,BHV0876,ECO0876,0
CUST0877,ACC0877,20220820,24067.05,15,4072.29,FBK0877,BHV0877,ECO0877,0
CUST0878,ACC0878,20220422,40496.86,17,4282.91,FBK0878,BHV0878,ECO0878,1
CUST0879,ACC0879,20220307,78763.65,19,3544.45,FBK0879,BHV0879,ECO0879,0
CUST0880,ACC0880,20220701,49297.5,13,555.44,FBK0880,BHV0880,ECO0880,0
CUST0881,ACC0881,20220723,22432.73,10,178.79,FBK0881,BHV0881,ECO0881,0
CUST0882,ACC0882,20220725,12573.41,17,925.94,FBK0882,BHV0882,ECO0882,0
CUST0883,ACC0883,20221013,50399.74,5,678.67,FBK0883,BHV0883,ECO0883,0
CUST0884,ACC0884,20220415,79642.27,18,3653.17,FBK0884,BHV0884,ECO0884,1
CUST0885,ACC0885,20220830,65628.98,17,2829.33,FBK0885,BHV0885,ECO0885,0
CUST0886,ACC0886,20220823,23982.74,4,2677.16,FBK0886,BHV0886,ECO0886,1
CUST0887,ACC0887,20220625,44233.95,7,1339.05,FBK0887,BHV0887,ECO0887,0
CUST0888,ACC0888,20220730,85667.81,5,857.58,FBK0888,BHV0888,ECO0888,0
CUST0889,ACC0889,20220131,18587.93,8,1112.09,FBK0889,BHV0889,ECO0889,0
CUST0890,ACC0890,20220823,53675.98,8,2061.36,FBK0890,BHV0890,ECO0890,1
CUST0891,ACC0891,20220830,36266.92,11,3726.7,FBK0891,BHV0891,ECO0891,1
CUST0892,ACC0892,20220602,13293.8,9,1347.13,FBK0892,BHV0892,ECO0892,0
CUST0893,ACC0893,20220715,5940.49,19,3523.2,FBK0893,BHV0893,ECO0893,0
CUST0894,ACC0894,20220926,56031.27,19,2508.41,FBK0894,BHV0894,ECO0894,0
CUST0895,ACC0895,20220619,3054.14,9,4438.66,FBK0895,BHV0895,ECO0895,0
CUST0896,ACC0896,20221223,11241.17,17,1241.28,FBK0896,BHV0896,ECO0896,0
CUST0897,ACC0897,20221119,35408.86,16,2309.2,FBK0897,BHV0897,ECO0897,1
CUST0898,ACC0898,20221202,5308.5,7,573.66,FBK0898,BHV0898,ECO0898,0
CUST0899,ACC0899,20220820,40644.08,3,1742.25,FBK0899,BHV0899,ECO0899,1
CUST0900,ACC0900,20220703,13906.14,19,2583.71,FBK0900,BHV0900,ECO0900,0
CUST0901,ACC0901,20221225,35637.44,8,3690.43,FBK0901,BHV0901,ECO0901,0
CUST0902,ACC0902,20221002,79324.81,5,1070.58,FBK0902,BHV0902,ECO0902,1
CUST0903,ACC0903,20220201,63010.07,6,1168.65,FBK0903,BHV0903,ECO0903,0
CUST0904,ACC0904,20220626,45094.71,2,3194.73,FBK0904,BHV0904,ECO0904,0
CUST0905,ACC0905,20220306,10091.5,19,1974.04,FBK0905,BHV0905,ECO0905,0
CUST0906,ACC0906,20220717,62295.82,13,2462.26,FBK0906,BHV0906,ECO0906,0
CUST0907,ACC0907,20220127,17207.26,6,4197.06,FBK0907,BHV0907,ECO0907,1
CUST0908,ACC0908,20220531,8582.05,6,2545.51,FBK0908,BHV0908,ECO0908,0
CUST0909,ACC0909,20221030,66735.61,2,3297.25,FBK0909,BHV0909,ECO0909,0
CUST0910,ACC0910,20220925,91293.93,5,3318.2,FBK0910,BHV0910,ECO0910,0
CUST0911,ACC0911,20220326,46598.75,11,4037.7,FBK0911,BHV0911,ECO0911,0
CUST0912,ACC0912,20220307,5058.6,11,3226.88,FBK0912,BHV0912,ECO0912,0
CUST0913,ACC0913,20220513,88149.47,14,417.57,FBK0913,BHV0913,ECO0913,0
CUST0914,ACC0914,20220323,7630.4,13,1776.65,FBK0914,BHV0914,ECO0914,1
CUST0915,ACC0915,20221115,86883.81,8,4947.65,FBK0915,BHV0915,ECO0915,1
CUST0916,ACC0916,20221124,39790.12,15,1062.9,FBK0916,BHV0916,ECO0916,0
CUST0917,ACC0917,20220408,37174.06,12,2974.97,FBK0917,BHV0917,ECO0917,0
CUST0918,ACC0918,20220314,54736.94,3,4230.41,FBK0918,BHV0918,ECO0918,0
CUST0919,ACC0919,20221123,95751.4,5,2974.14,FBK0919,BHV0919,ECO0919,0
CUST0920,ACC0920,20220130,89975.31,6,1924.12,FBK0920,BHV0920,ECO0920,0
CUST0921,ACC0921,20220505,47562.68,2,493.12,FBK0921,BHV0921,ECO0921,0
CUST0922,ACC0922,20220729,69886.5,8,1872.16,FBK0922,BHV0922,ECO0922,0
CUST0923,ACC0923,20220929,58462.5,5,992.13,FBK0923,BHV0923,ECO0923,0
CUST0924,ACC0924,20220801,69652.7,17,4808.23,FBK0924,BHV0924,ECO0924,0
CUST0925,ACC0925,20220513,83103.42,2,3603.66,FBK0925,BHV0925,ECO0925,0
CUST0926,ACC0926,20220606,4414.89,11,3771.98,FBK0926,BHV0926,ECO0926,1
CUST0927,ACC0927,20220216,33250.23,4,2236.25,FBK0927,BHV0927,ECO0927,0
CUST0928,ACC0928,20221223,95973.58,11,638.83,FBK0928,BHV0928,ECO0928,0
CUST0929,ACC0929,20221229,94984.29,9,1406.91,FBK0929,BHV0929,ECO0929,0
CUST0930,ACC0930,20220122,2110.87,6,1372.58,FBK0930,BHV0930,ECO0930,0
CUST0931,ACC0931,20220324,20942.57,2,2485.22,FBK0931,BHV0931,ECO0931,0
CUST0932,ACC0932,20220822,99383.23,15,2358.8,FBK0932,BHV0932,ECO0932,0
CUST0933,ACC0933,20220301,49789.68,5,2223.7,FBK0933,BHV0933,ECO0933,1
CUST0934,ACC0934,20220707,57713.73,12,2530.29,FBK0934,BHV0934,ECO0934,0
CUST0935,ACC0935,20220227,17475.6,13,4936.41,FBK0935,BHV0935,ECO0935,0
CUST0936,ACC0936,20220916,89539.23,17,1561.93,FBK0936,BHV0936,ECO0936,0
CUST0937,ACC0937,20220611,23895.17,4,3114.82,FBK0937,BHV0937,ECO0937,0
CUST0938,ACC0938,20221028,19775.12,10,1273.59,FBK0938,BHV0938,ECO0938,0
CUST0939,ACC0939,20221102,23584.12,1,2386.37,FBK0939,BHV0939,ECO0939,0
CUST0940,ACC0940,20220102,92042.55,11,1080.24,FBK0940,BHV0940,ECO0940,0
CUST0941,ACC0941,20220928,70581.82,16,2835.14,FBK0941,BHV0941,ECO0941,1
CUST0942,ACC0942,20220523,77091.04,11,1398.56,FBK0942,BHV0942,ECO0942,0
CUST0943,ACC0943,20220707,38326.6,9,280.27,FBK0943,BHV0943,ECO0943,0
CUST0944,ACC0944,20221218,91008.52,2,4094.83,FBK0944,BHV0944,ECO0944,0
CUST0945,ACC0945,20221207,79151.39,7,728.45,FBK0945,BHV0945,ECO0945,0
CUST0946,ACC0946,20220812,75309.14,19,1903.39,FBK0946,BHV0946,ECO0946,0
CUST0947,ACC0947,20220629,97123.09,18,2438.17,FBK0947,BHV0947,ECO0947,1
CUST0948,ACC0948,20220123,37253.49,7,2219.15,FBK0948,BHV0948,ECO0948,0
CUST0949,ACC0949,20221221,61486.39,9,3655.76,FBK0949,BHV0949,ECO0949,0
CUST0950,ACC0950,20220206,91083.04,12,3024.21,FBK0950,BHV0950,ECO0950,0
CUST0951,ACC0951,20220417,79298.01,3,1547.32,FBK0951,BHV0951,ECO0951,0
CUST0952,ACC0952,20221024,56774.52,16,353.34,FBK0952,BHV0952,ECO0952,0
CUST0953,ACC0953,20220817,8545.15,7,3861.22,FBK0953,BHV0953,ECO0953,1
CUST0954,ACC0954,20221109,65619.62,5,1827.38,FBK0954,BHV0954,ECO0954,0
CUST0955,ACC0955,20220407,53129.0,7,4459.65,FBK0955,BHV0955,ECO0955,0
CUST0956,ACC0956,20221008,19233.87,19,2035.78,FBK0956,BHV0956,ECO0956,0
CUST0957,ACC0957,20220420,88343.06,17,3616.53,FBK0957,BHV0957,ECO0957,0
CUST0958,ACC0958,20220206,34981.61,16,4703.87,FBK0958,BHV0958,ECO0958,0
CUST0959,ACC0959,20220209,39360.51,19,3290.65,FBK0959,BHV0959,ECO0959,0
CUST0960,ACC0960,20220326,67567.75,18,2126.1,FBK0960,BHV0960,ECO0960,0
CUST0961,ACC0961,20221029,49391.08,19,2880.26,FBK0961,BHV0961,ECO0961,0
CUST0962,ACC0962,20220707,9838.83,4,2762.88,FBK0962,BHV0962,ECO0962,0
CUST0963,ACC0963,20220828,39356.72,1,2965.62,FBK0963,BHV0963,ECO0963,0
CUST0964,ACC0964,20221224,10352.15,4,819.42,FBK0964,BHV0964,ECO0964,0
CUST0965,ACC0965,20221220,19884.29,4,3522.7,FBK0965,BHV0965,ECO0965,0
CUST0966,ACC0966,20220119,1710.27,9,810.71,FBK0966,BHV0966,ECO0966,0
CUST0967,ACC0967,20221213,18950.0,8,171.62,FBK0967,BHV0967,ECO0967,0
CUST0968,ACC0968,20221121,33714.29,2,3161.42,FBK0968,BHV0968,ECO0968,0
CUST0969,ACC0969,20220918,54283.62,6,672.88,FBK0969,BHV0969,ECO0969,0
CUST0970,ACC0970,20220607,92008.44,11,3875.02,FBK0970,BHV0970,ECO0970,0
CUST0971,ACC0971,20221031,54492.36,4,4343.23,FBK0971,BHV0971,ECO0971,0
CUST0972,ACC0972,20220422,70854.75,14,4729.21,FBK0972,BHV0972,ECO0972,1
CUST0973,ACC0973,20220524,36410.03,9,3355.94,FBK0973,BHV0973,ECO0973,0
CUST0974,ACC0974,20220913,75411.45,2,2461.87,FBK0974,BHV0974,ECO0974,0
CUST0975,ACC0975,20220118,62426.41,1,1826.18,FBK0975,BHV0975,ECO0975,0
CUST0976,ACC0976,20220703,46519.61,4,2505.53,FBK0976,BHV0976,ECO0976,0
CUST0977,ACC0977,20221014,20183.11,12,1032.73,FBK0977,BHV0977,ECO0977,0
CUST0978,ACC0978,20220511,31050.55,5,1807.27,FBK0978,BHV0978,ECO0978,0
CUST0979,ACC0979,20221008,62473.66,9,3617.86,FBK0979,BHV0979,ECO0979,0
CUST0980,ACC0980,20220902,43179.58,4,1165.37,FBK0980,BHV0980,ECO0980,0
CUST0981,ACC0981,20220108,89049.27,16,1393.93,FBK0981,BHV0981,ECO0981,1
CUST0982,ACC0982,20220712,24249.19,2,3771.71,FBK0982,BHV0982,ECO0982,0
CUST0983,ACC0983,20221114,8234.19,16,971.4,FBK0983,BHV0983,ECO0983,1
CUST0984,ACC0984,20220107,59345.51,16,1304.85,FBK0984,BHV0984,ECO0984,0
CUST0985,ACC0985,20220516,88719.03,11,185.98,FBK0985,BHV0985,ECO0985,0
CUST0986,ACC0986,20220119,37109.16,1,3628.25,FBK0986,BHV0986,ECO0986,0
CUST0987,ACC0987,20220519,65123.42,15,3127.73,FBK0987,BHV0987,ECO0987,0
CUST0988,ACC0988,20220626,23909.85,4,3502.49,FBK0988,BHV0988,ECO0988,1
CUST0989,ACC0989,20220111,56288.72,18,1150.21,FBK0989,BHV0989,ECO0989,0
CUST0990,ACC0990,20220210,78892.42,17,3468.14,FBK0990,BHV0990,ECO0990,1
CUST0991,ACC0991,20220424,86836.13,7,3022.25,FBK0991,BHV0991,ECO0991,0
CUST0992,ACC0992,20220629,11406.79,18,1894.0,FBK0992,BHV0992,ECO0992,0
CUST0993,ACC0993,20220713,36281.08,13,2245.35,FBK0993,BHV0993,ECO0993,0
CUST0994,ACC0994,20220715,64324.8,10,2882.81,FBK0994,BHV0994,ECO0994,0
CUST0995,ACC0995,20221214,4437.56,1,2517.13,FBK0995,BHV0995,ECO0995,0
CUST0996,ACC0996,20220813,69370.9,2,3244.96,FBK0996,BHV0996,ECO0996,0
CUST0997,ACC0997,20221127,53275.35,17,986.8,FBK0997,BHV0997,ECO0997,0
CUST0998,ACC0998,20221119,29568.06,3,2749.48,FBK0998,BHV0998,ECO0998,0
CUST0999,ACC0999,20220918,81650.79,17,2306.37,FBK0999,BHV0999,ECO0999,0
